{
"type": "FeatureCollection",
"name": "before",
"crs": { "type": "name", "properties": { "name": "urn:ogc:def:crs:OGC:1.3:CRS84" } },
"features": [
{ "type": "Feature", "properties": { "osm_id": 5170580, "osm_class": "landuse", "osm_value": "cemetery", "name": "Hólavallagarður" }, "geometry": { "type": "Polygon", "coordinates": [ [ [ -21.9502085, 64.1441822 ], [ -21.9490645, 64.1450746 ], [ -21.9481337, 64.1458263 ], [ -21.9480961, 64.14584 ], [ -21.9480538, 64.1458479 ], [ -21.9480039, 64.1458488 ], [ -21.947958, 64.1458451 ], [ -21.9474712, 64.1457347 ], [ -21.9470358, 64.1456408 ], [ -21.9454195, 64.1452854 ], [ -21.9454013, 64.1452716 ], [ -21.9453932, 64.1452531 ], [ -21.9455484, 64.1451231 ], [ -21.9462911, 64.1444865 ], [ -21.947319, 64.143608 ], [ -21.9475571, 64.1434045 ], [ -21.9476113, 64.1433916 ], [ -21.9476786, 64.1433868 ], [ -21.9497826, 64.1438499 ], [ -21.950013, 64.1439023 ], [ -21.9501168, 64.1440509 ], [ -21.9502085, 64.1441822 ] ] ] } },
{ "type": "Feature", "properties": { "osm_id": 27138475, "osm_class": "building", "osm_value": "university", "name": "Askja" }, "geometry": { "type": "Polygon", "coordinates": [ [ [ -21.9465805, 64.1375205 ], [ -21.9465467, 64.1375353 ], [ -21.9464159, 64.1374959 ], [ -21.9463733, 64.1375027 ], [ -21.946227, 64.1374923 ], [ -21.9458787, 64.1375001 ], [ -21.9458953, 64.1374282 ], [ -21.9459413, 64.1374188 ], [ -21.9459738, 64.1373976 ], [ -21.9457092, 64.137356 ], [ -21.9456806, 64.1373843 ], [ -21.9454607, 64.1373894 ], [ -21.9452382, 64.1374122 ], [ -21.9449854, 64.1374502 ], [ -21.944905, 64.1373874 ], [ -21.9448645, 64.1373822 ], [ -21.9448667, 64.1373444 ], [ -21.9449307, 64.1373377 ], [ -21.944949, 64.1372959 ], [ -21.9446167, 64.1372914 ], [ -21.9446191, 64.1371496 ], [ -21.9447982, 64.1371438 ], [ -21.9449887, 64.1369003 ], [ -21.9451988, 64.1369577 ], [ -21.9453699, 64.1370043 ], [ -21.945751, 64.1371084 ], [ -21.9459399, 64.13716 ], [ -21.946334, 64.1372675 ], [ -21.9465194, 64.1373127 ], [ -21.9468145, 64.1373922 ], [ -21.9467281, 64.1375099 ], [ -21.9466386, 64.1374891 ], [ -21.9465805, 64.1375205 ] ] ] } },
{ "type": "Feature", "properties": { "osm_id": 27161141, "osm_class": "building", "osm_value": "public", "name": "Norræna húsið" }, "geometry": { "type": "Polygon", "coordinates": [ [ [ -21.9462942, 64.1380453 ], [ -21.9465352, 64.1381291 ], [ -21.9465192, 64.1381444 ], [ -21.9465927, 64.1381715 ], [ -21.9465345, 64.1381988 ], [ -21.9467719, 64.1382745 ], [ -21.9467492, 64.1382916 ], [ -21.9468667, 64.1383424 ], [ -21.9469379, 64.1383261 ], [ -21.9472973, 64.1381463 ], [ -21.9469624, 64.1380221 ], [ -21.9470212, 64.1379868 ], [ -21.9468283, 64.1379345 ], [ -21.946707, 64.1379924 ], [ -21.946483, 64.1379293 ], [ -21.9462942, 64.1380453 ] ] ] } },
{ "type": "Feature", "properties": { "osm_id": 28616136, "osm_class": "natural", "osm_value": "heath", "name": "" }, "geometry": { "type": "Polygon", "coordinates": [ [ [ -21.942754, 64.1407537 ], [ -21.9427594, 64.1407379 ], [ -21.9427612, 64.1407024 ], [ -21.9427232, 64.1406653 ], [ -21.9426183, 64.1406629 ], [ -21.9426002, 64.1406764 ], [ -21.9425622, 64.1406882 ], [ -21.9425296, 64.1406882 ], [ -21.9425097, 64.1407103 ], [ -21.942488, 64.1407379 ], [ -21.9424844, 64.1407663 ], [ -21.9425025, 64.1407719 ], [ -21.9425151, 64.1407829 ], [ -21.9425224, 64.1407955 ], [ -21.9425369, 64.1407995 ], [ -21.9425206, 64.1408137 ], [ -21.9425206, 64.1408247 ], [ -21.9425387, 64.1408271 ], [ -21.9425568, 64.1408405 ], [ -21.9426454, 64.1408397 ], [ -21.9426816, 64.1408279 ], [ -21.9427069, 64.140805 ], [ -21.942754, 64.1407537 ] ] ] } },
{ "type": "Feature", "properties": { "osm_id": 28616358, "osm_class": "building", "osm_value": "university", "name": "Stapi" }, "geometry": { "type": "Polygon", "coordinates": [ [ [ -21.9468436, 64.1414097 ], [ -21.9474879, 64.1415523 ], [ -21.9475457, 64.141565 ], [ -21.9474437, 64.1416527 ], [ -21.9473379, 64.1417438 ], [ -21.9472801, 64.141731 ], [ -21.9466358, 64.1415885 ], [ -21.9466973, 64.1415355 ], [ -21.9467507, 64.1414897 ], [ -21.9468436, 64.1414097 ] ] ] } },
{ "type": "Feature", "properties": { "osm_id": 28616359, "osm_class": "building", "osm_value": "university", "name": "Setberg" }, "geometry": { "type": "Polygon", "coordinates": [ [ [ -21.948, 64.1410704 ], [ -21.9477914, 64.1410257 ], [ -21.9475114, 64.1412741 ], [ -21.94772, 64.1413188 ], [ -21.948, 64.1410704 ] ] ] } },
{ "type": "Feature", "properties": { "osm_id": 28616365, "osm_class": "building", "osm_value": "university", "name": "Saga" }, "geometry": { "type": "Polygon", "coordinates": [ [ [ -21.9531264, 64.1413015 ], [ -21.9530996, 64.1413261 ], [ -21.9530792, 64.1413218 ], [ -21.9530528, 64.1413453 ], [ -21.9530761, 64.1413502 ], [ -21.9530492, 64.1413747 ], [ -21.9530254, 64.1413698 ], [ -21.9530025, 64.1413902 ], [ -21.9530238, 64.1413946 ], [ -21.9529969, 64.1414192 ], [ -21.952975, 64.1414146 ], [ -21.952967, 64.1414218 ], [ -21.9532082, 64.1414733 ], [ -21.9532572, 64.1414837 ], [ -21.953119, 64.1416069 ], [ -21.9530701, 64.1415964 ], [ -21.9526504, 64.1415068 ], [ -21.9524616, 64.1414665 ], [ -21.95188, 64.1413424 ], [ -21.9518504, 64.141336 ], [ -21.9519885, 64.1412129 ], [ -21.9520181, 64.1412193 ], [ -21.9525368, 64.14133 ], [ -21.9527154, 64.1411713 ], [ -21.9528897, 64.1410166 ], [ -21.9529997, 64.140919 ], [ -21.9533001, 64.1406522 ], [ -21.9535496, 64.1407055 ], [ -21.9535932, 64.1407148 ], [ -21.9536024, 64.1407168 ], [ -21.9535964, 64.1407221 ], [ -21.9535654, 64.1407498 ], [ -21.9535125, 64.1407385 ], [ -21.9532463, 64.1409757 ], [ -21.9533193, 64.1409913 ], [ -21.9533041, 64.1410246 ], [ -21.9532974, 64.1410623 ], [ -21.9533105, 64.1410827 ], [ -21.9533621, 64.1410762 ], [ -21.9534159, 64.1410695 ], [ -21.9534986, 64.1410591 ], [ -21.9535314, 64.1411047 ], [ -21.9534472, 64.141121 ], [ -21.9534006, 64.1411301 ], [ -21.9533542, 64.1411391 ], [ -21.9533571, 64.1411424 ], [ -21.9533679, 64.1411711 ], [ -21.9533668, 64.141204 ], [ -21.9533424, 64.1412352 ], [ -21.9532971, 64.1412615 ], [ -21.9532354, 64.1412804 ], [ -21.9531633, 64.1412902 ], [ -21.9531151, 64.1412898 ], [ -21.9531066, 64.1412974 ], [ -21.9531264, 64.1413015 ] ] ] } },
{ "type": "Feature", "properties": { "osm_id": 28616366, "osm_class": "natural", "osm_value": "water", "name": "" }, "geometry": { "type": "Polygon", "coordinates": [ [ [ -21.943313, 64.1399633 ], [ -21.9432521, 64.1399574 ], [ -21.9431984, 64.1399217 ], [ -21.9431644, 64.1398889 ], [ -21.9431373, 64.1398568 ], [ -21.9432038, 64.1397729 ], [ -21.9432033, 64.1397151 ], [ -21.943225, 64.1396434 ], [ -21.9431681, 64.1396089 ], [ -21.9431091, 64.1395872 ], [ -21.9431075, 64.1395767 ], [ -21.9431041, 64.1395548 ], [ -21.9431298, 64.1395237 ], [ -21.943092, 64.1394176 ], [ -21.9431255, 64.1393708 ], [ -21.9430965, 64.1393223 ], [ -21.9431459, 64.1392567 ], [ -21.9432534, 64.1391773 ], [ -21.9432918, 64.1391272 ], [ -21.943181, 64.1390945 ], [ -21.9431839, 64.1390589 ], [ -21.9431549, 64.1390174 ], [ -21.9430969, 64.1389142 ], [ -21.9430795, 64.1387748 ], [ -21.943043, 64.1387069 ], [ -21.9431105, 64.1386296 ], [ -21.9431122, 64.138552 ], [ -21.9431713, 64.1384953 ], [ -21.9431936, 64.1384262 ], [ -21.9432886, 64.1383693 ], [ -21.9432727, 64.1382888 ], [ -21.9432338, 64.1382184 ], [ -21.9431807, 64.1381668 ], [ -21.9431869, 64.1381064 ], [ -21.9431866, 64.1380454 ], [ -21.9432344, 64.1379731 ], [ -21.9432572, 64.1378981 ], [ -21.9432762, 64.1378066 ], [ -21.9432502, 64.1376898 ], [ -21.9431743, 64.1375474 ], [ -21.9431539, 64.1375092 ], [ -21.9430989, 64.1374157 ], [ -21.9431099, 64.1373645 ], [ -21.9431472, 64.1373826 ], [ -21.9431971, 64.1374632 ], [ -21.943228, 64.1375222 ], [ -21.9432566, 64.1375767 ], [ -21.9432883, 64.1376267 ], [ -21.9433535, 64.1376783 ], [ -21.9433728, 64.1377457 ], [ -21.9434414, 64.1378407 ], [ -21.9434498, 64.1379217 ], [ -21.9434272, 64.1379892 ], [ -21.9434557, 64.1380672 ], [ -21.9434994, 64.1381371 ], [ -21.9434881, 64.1381953 ], [ -21.943457, 64.1382942 ], [ -21.9434404, 64.1383599 ], [ -21.9434777, 64.1383844 ], [ -21.9435697, 64.1383952 ], [ -21.9435528, 64.1384295 ], [ -21.9434817, 64.1384718 ], [ -21.9434991, 64.1385049 ], [ -21.9435713, 64.1385192 ], [ -21.9436694, 64.1385186 ], [ -21.9437864, 64.1385322 ], [ -21.9438309, 64.1385697 ], [ -21.9438467, 64.1386284 ], [ -21.9439143, 64.1386659 ], [ -21.9440479, 64.1386903 ], [ -21.9441439, 64.1387129 ], [ -21.9441842, 64.1387495 ], [ -21.9442204, 64.1387879 ], [ -21.9442794, 64.1388041 ], [ -21.9443156, 64.1388141 ], [ -21.944447, 64.1388276 ], [ -21.9442847, 64.1388782 ], [ -21.9441839, 64.1389263 ], [ -21.9440744, 64.1389639 ], [ -21.9439588, 64.1390178 ], [ -21.9438162, 64.1390749 ], [ -21.9437314, 64.1391405 ], [ -21.9437153, 64.1392084 ], [ -21.9436684, 64.1392644 ], [ -21.9435855, 64.1392847 ], [ -21.9434916, 64.1392904 ], [ -21.9434358, 64.139312 ], [ -21.9434334, 64.1393508 ], [ -21.9434345, 64.1394007 ], [ -21.9434291, 64.13948 ], [ -21.9434026, 64.1395807 ], [ -21.9433739, 64.1396193 ], [ -21.9432918, 64.1397583 ], [ -21.9432902, 64.1398706 ], [ -21.9433532, 64.1399185 ], [ -21.9433398, 64.1399415 ], [ -21.943313, 64.1399633 ] ] ] } },
{ "type": "Feature", "properties": { "osm_id": 28616443, "osm_class": "building", "osm_value": "yes", "name": "Þjóðarbókhlaðan" }, "geometry": { "type": "Polygon", "coordinates": [ [ [ -21.9505606, 64.1426001 ], [ -21.9504911, 64.1426622 ], [ -21.9503702, 64.1426364 ], [ -21.9503549, 64.1426501 ], [ -21.950341, 64.1426471 ], [ -21.950295, 64.1426882 ], [ -21.9503088, 64.1426911 ], [ -21.9502935, 64.1427048 ], [ -21.9504143, 64.1427307 ], [ -21.9502301, 64.142895 ], [ -21.9501092, 64.1428692 ], [ -21.9500939, 64.1428829 ], [ -21.9500801, 64.1428799 ], [ -21.950034, 64.142921 ], [ -21.9500478, 64.142924 ], [ -21.9500325, 64.1429377 ], [ -21.9501533, 64.1429635 ], [ -21.9500838, 64.1430255 ], [ -21.9509325, 64.1432069 ], [ -21.951002, 64.1431449 ], [ -21.9511229, 64.1431707 ], [ -21.9511383, 64.143157 ], [ -21.9511521, 64.14316 ], [ -21.9511981, 64.1431189 ], [ -21.9511843, 64.1431159 ], [ -21.9511997, 64.1431022 ], [ -21.9510788, 64.1430764 ], [ -21.9511539, 64.1430094 ], [ -21.9511641, 64.1430003 ], [ -21.9511737, 64.1429917 ], [ -21.951263, 64.142912 ], [ -21.9513839, 64.1429379 ], [ -21.9513992, 64.1429242 ], [ -21.951413, 64.1429271 ], [ -21.9514591, 64.142886 ], [ -21.9514453, 64.1428831 ], [ -21.9514606, 64.1428694 ], [ -21.9513398, 64.1428436 ], [ -21.9514093, 64.1427815 ], [ -21.9508351, 64.1426588 ], [ -21.950897, 64.1426044 ], [ -21.9509132, 64.1425901 ], [ -21.9509837, 64.1426052 ], [ -21.9510067, 64.1425846 ], [ -21.9509947, 64.1425821 ], [ -21.9510794, 64.1425065 ], [ -21.9510186, 64.1424935 ], [ -21.9510362, 64.1424778 ], [ -21.9509996, 64.14247 ], [ -21.9509624, 64.142462 ], [ -21.9509448, 64.1424777 ], [ -21.9508839, 64.1424647 ], [ -21.9507992, 64.1425403 ], [ -21.9507872, 64.1425377 ], [ -21.9507642, 64.1425583 ], [ -21.9508452, 64.1425756 ], [ -21.9508288, 64.14259 ], [ -21.9507671, 64.1426443 ], [ -21.9505606, 64.1426001 ] ] ] } },
{ "type": "Feature", "properties": { "osm_id": 28616476, "osm_class": "building", "osm_value": "university", "name": "Íþróttahús" }, "geometry": { "type": "Polygon", "coordinates": [ [ [ -21.9513517, 64.1393098 ], [ -21.9511565, 64.1394725 ], [ -21.9506653, 64.1393601 ], [ -21.9505628, 64.1394455 ], [ -21.9507545, 64.1394894 ], [ -21.9507358, 64.1395047 ], [ -21.9507065, 64.1394979 ], [ -21.9506818, 64.1395182 ], [ -21.9507827, 64.1395417 ], [ -21.9508103, 64.139519 ], [ -21.9507903, 64.1395144 ], [ -21.9508063, 64.1395012 ], [ -21.951292, 64.1396124 ], [ -21.9515896, 64.1393643 ], [ -21.9513517, 64.1393098 ] ] ] } },
{ "type": "Feature", "properties": { "osm_id": 28616483, "osm_class": "building", "osm_value": "university", "name": "Aðalbygging" }, "geometry": { "type": "Polygon", "coordinates": [ [ [ -21.9498016, 64.1402277 ], [ -21.9495254, 64.1401671 ], [ -21.9492451, 64.1404104 ], [ -21.9492114, 64.140403 ], [ -21.9491493, 64.1404568 ], [ -21.9490908, 64.1405076 ], [ -21.9491182, 64.1405136 ], [ -21.9488433, 64.1407521 ], [ -21.9491064, 64.1408098 ], [ -21.9491211, 64.140797 ], [ -21.9491341, 64.1407858 ], [ -21.9491964, 64.1407994 ], [ -21.9493143, 64.1406971 ], [ -21.9492583, 64.1406848 ], [ -21.9492715, 64.1406733 ], [ -21.9493919, 64.1405688 ], [ -21.9497922, 64.1406566 ], [ -21.9498476, 64.1406085 ], [ -21.9499072, 64.1405568 ], [ -21.9495433, 64.140477 ], [ -21.9495204, 64.140472 ], [ -21.9496426, 64.140366 ], [ -21.9496551, 64.1403551 ], [ -21.9497146, 64.1403682 ], [ -21.9498345, 64.1402642 ], [ -21.9497747, 64.1402511 ], [ -21.9497878, 64.1402397 ], [ -21.9498016, 64.1402277 ] ] ] } },
{ "type": "Feature", "properties": { "osm_id": 28616561, "osm_class": "building", "osm_value": "university", "name": "Nýi Garður" }, "geometry": { "type": "Polygon", "coordinates": [ [ [ -21.9494585, 64.1388802 ], [ -21.9492478, 64.1388328 ], [ -21.9488448, 64.1391736 ], [ -21.9490633, 64.1392228 ], [ -21.9491066, 64.1391861 ], [ -21.949139, 64.1391934 ], [ -21.9491693, 64.1391678 ], [ -21.9491499, 64.1391635 ], [ -21.9491291, 64.1391588 ], [ -21.9494585, 64.1388802 ] ] ] } },
{ "type": "Feature", "properties": { "osm_id": 28616562, "osm_class": "building", "osm_value": "university", "name": "Árnagarður" }, "geometry": { "type": "Polygon", "coordinates": [ [ [ -21.9510022, 64.1390423 ], [ -21.9511386, 64.1390712 ], [ -21.9512914, 64.1391037 ], [ -21.9513782, 64.1390259 ], [ -21.9516455, 64.1387866 ], [ -21.9516912, 64.1387963 ], [ -21.9517228, 64.138768 ], [ -21.9516796, 64.1387588 ], [ -21.9517506, 64.1386953 ], [ -21.9514613, 64.1386338 ], [ -21.9511346, 64.1389265 ], [ -21.9511018, 64.1389195 ], [ -21.9510448, 64.1389706 ], [ -21.9510751, 64.138977 ], [ -21.9510022, 64.1390423 ] ] ] } },
{ "type": "Feature", "properties": { "osm_id": 28616785, "osm_class": "building", "osm_value": "apartments", "name": "" }, "geometry": { "type": "Polygon", "coordinates": [ [ [ -21.9520624, 64.1384123 ], [ -21.9518697, 64.138371 ], [ -21.9518659, 64.1383744 ], [ -21.9517835, 64.1383568 ], [ -21.9518991, 64.1382542 ], [ -21.9519864, 64.1382729 ], [ -21.9519577, 64.1382983 ], [ -21.9521455, 64.1383386 ], [ -21.9520624, 64.1384123 ] ] ] } },
{ "type": "Feature", "properties": { "osm_id": 28616786, "osm_class": "building", "osm_value": "university", "name": "Háskólatorg" }, "geometry": { "type": "Polygon", "coordinates": [ [ [ -21.9508744, 64.1398464 ], [ -21.9509238, 64.1398563 ], [ -21.9510865, 64.1397177 ], [ -21.9506804, 64.1396268 ], [ -21.9501844, 64.1395559 ], [ -21.950181, 64.1395685 ], [ -21.9501287, 64.1397616 ], [ -21.9500948, 64.1398791 ], [ -21.9500449, 64.1398889 ], [ -21.9498756, 64.1399221 ], [ -21.9498735, 64.1400959 ], [ -21.950027, 64.1401301 ], [ -21.9504395, 64.1402218 ], [ -21.9508488, 64.1398732 ], [ -21.9508744, 64.1398464 ] ] ] } },
{ "type": "Feature", "properties": { "osm_id": 28616789, "osm_class": "building", "osm_value": "university", "name": "Lögberg" }, "geometry": { "type": "Polygon", "coordinates": [ [ [ -21.9497635, 64.1393089 ], [ -21.9493635, 64.1396549 ], [ -21.9495864, 64.1397039 ], [ -21.9497258, 64.1395833 ], [ -21.9498075, 64.1396013 ], [ -21.9498662, 64.1395505 ], [ -21.9497852, 64.1395327 ], [ -21.9499822, 64.1393623 ], [ -21.9499134, 64.1393472 ], [ -21.9499399, 64.1393242 ], [ -21.949861, 64.1393069 ], [ -21.9498388, 64.1393257 ], [ -21.9497635, 64.1393089 ] ] ] } },
{ "type": "Feature", "properties": { "osm_id": 28616795, "osm_class": "building", "osm_value": "university", "name": "Oddi" }, "geometry": { "type": "Polygon", "coordinates": [ [ [ -21.950895, 64.138577 ], [ -21.9507956, 64.1386705 ], [ -21.9505457, 64.1386578 ], [ -21.9505398, 64.1386799 ], [ -21.950536, 64.1386942 ], [ -21.9506044, 64.1387681 ], [ -21.9503832, 64.1388071 ], [ -21.9503009, 64.1388216 ], [ -21.9502696, 64.1388271 ], [ -21.9500303, 64.1387119 ], [ -21.9498269, 64.138674 ], [ -21.9499445, 64.1386164 ], [ -21.9499894, 64.1386185 ], [ -21.9499931, 64.1386032 ], [ -21.9499974, 64.1385854 ], [ -21.9495945, 64.1385668 ], [ -21.9496082, 64.1385105 ], [ -21.949689, 64.1385143 ], [ -21.949699, 64.138473 ], [ -21.950049, 64.1384892 ], [ -21.9500791, 64.1384906 ], [ -21.9501068, 64.1384918 ], [ -21.9501903, 64.1384957 ], [ -21.9501935, 64.1384824 ], [ -21.9507565, 64.1385085 ], [ -21.9507415, 64.1385699 ], [ -21.950895, 64.138577 ] ] ] } },
{ "type": "Feature", "properties": { "osm_id": 28616802, "osm_class": "building", "osm_value": "university", "name": "Gimli" }, "geometry": { "type": "Polygon", "coordinates": [ [ [ -21.9506722, 64.1389413 ], [ -21.9502351, 64.139325 ], [ -21.9499199, 64.1392567 ], [ -21.9498441, 64.1392403 ], [ -21.9496185, 64.1391914 ], [ -21.9499492, 64.1389011 ], [ -21.9500492, 64.1389228 ], [ -21.9500551, 64.1389042 ], [ -21.950254, 64.1389154 ], [ -21.9503229, 64.1389214 ], [ -21.9506722, 64.1389413 ] ] ] } },
{ "type": "Feature", "properties": { "osm_id": 28616803, "osm_class": "building", "osm_value": "yes", "name": "" }, "geometry": { "type": "Polygon", "coordinates": [ [ [ -21.9503009, 64.1388216 ], [ -21.9503832, 64.1388071 ], [ -21.9503477, 64.1388675 ], [ -21.9503229, 64.1389214 ], [ -21.950254, 64.1389154 ], [ -21.9502773, 64.1388645 ], [ -21.9503009, 64.1388216 ] ] ] } },
{ "type": "Feature", "properties": { "osm_id": 28616804, "osm_class": "building", "osm_value": "university", "name": "" }, "geometry": { "type": "Polygon", "coordinates": [ [ [ -21.9498441, 64.1392403 ], [ -21.9497997, 64.1392781 ], [ -21.9497635, 64.1393089 ], [ -21.9498388, 64.1393257 ], [ -21.949861, 64.1393069 ], [ -21.9498905, 64.1392818 ], [ -21.9499199, 64.1392567 ], [ -21.9498441, 64.1392403 ] ] ] } },
{ "type": "Feature", "properties": { "osm_id": 28617499, "osm_class": "building", "osm_value": "apartments", "name": "" }, "geometry": { "type": "Polygon", "coordinates": [ [ [ -21.9523909, 64.138144 ], [ -21.9524945, 64.1381664 ], [ -21.9523987, 64.1382507 ], [ -21.9522672, 64.1382222 ], [ -21.9523252, 64.1381712 ], [ -21.9523003, 64.1381658 ], [ -21.9523111, 64.1381562 ], [ -21.9521993, 64.1381321 ], [ -21.9521872, 64.1381428 ], [ -21.95206, 64.1381153 ], [ -21.9521071, 64.1380738 ], [ -21.9521407, 64.1380811 ], [ -21.9521859, 64.1380413 ], [ -21.9523927, 64.138086 ], [ -21.9524099, 64.1380709 ], [ -21.9524613, 64.138082 ], [ -21.9523909, 64.138144 ] ] ] } },
{ "type": "Feature", "properties": { "osm_id": 28617719, "osm_class": "building", "osm_value": "apartments", "name": "" }, "geometry": { "type": "Polygon", "coordinates": [ [ [ -21.9513832, 64.1382968 ], [ -21.951198, 64.1382556 ], [ -21.9511929, 64.1382599 ], [ -21.9511094, 64.1382414 ], [ -21.9512146, 64.1381514 ], [ -21.9513006, 64.1381706 ], [ -21.9512872, 64.1381821 ], [ -21.9514698, 64.1382227 ], [ -21.9513832, 64.1382968 ] ] ] } },
{ "type": "Feature", "properties": { "osm_id": 28617720, "osm_class": "building", "osm_value": "detached", "name": "" }, "geometry": { "type": "Polygon", "coordinates": [ [ [ -21.9516807, 64.1380451 ], [ -21.9514962, 64.1380047 ], [ -21.9514911, 64.1380091 ], [ -21.9514077, 64.1379909 ], [ -21.9515114, 64.1379007 ], [ -21.9515991, 64.1379199 ], [ -21.9515854, 64.1379318 ], [ -21.9517657, 64.1379712 ], [ -21.9516807, 64.1380451 ] ] ] } },
{ "type": "Feature", "properties": { "osm_id": 28617721, "osm_class": "building", "osm_value": "detached", "name": "" }, "geometry": { "type": "Polygon", "coordinates": [ [ [ -21.9519625, 64.1375206 ], [ -21.952047, 64.1375384 ], [ -21.9520517, 64.1375341 ], [ -21.9522382, 64.1375735 ], [ -21.9523206, 64.1374993 ], [ -21.9521385, 64.1374608 ], [ -21.9521526, 64.1374481 ], [ -21.9520638, 64.1374293 ], [ -21.9519625, 64.1375206 ] ] ] } },
{ "type": "Feature", "properties": { "osm_id": 28617722, "osm_class": "building", "osm_value": "detached", "name": "" }, "geometry": { "type": "Polygon", "coordinates": [ [ [ -21.9517551, 64.137381 ], [ -21.9517681, 64.1373696 ], [ -21.9516052, 64.137334 ], [ -21.9515029, 64.1374229 ], [ -21.9515876, 64.1374415 ], [ -21.9515916, 64.137438 ], [ -21.951728, 64.1374679 ], [ -21.9517224, 64.1374728 ], [ -21.9517439, 64.1374775 ], [ -21.951701, 64.1375147 ], [ -21.9518178, 64.1375403 ], [ -21.9518672, 64.1374975 ], [ -21.9517759, 64.1374775 ], [ -21.9518604, 64.1374041 ], [ -21.9517551, 64.137381 ] ] ] } },
{ "type": "Feature", "properties": { "osm_id": 28617723, "osm_class": "building", "osm_value": "detached", "name": "" }, "geometry": { "type": "Polygon", "coordinates": [ [ [ -21.952141, 64.1371692 ], [ -21.9520551, 64.1372434 ], [ -21.9518694, 64.1372025 ], [ -21.9518647, 64.1372065 ], [ -21.9517816, 64.1371882 ], [ -21.9518872, 64.1370971 ], [ -21.9519735, 64.1371161 ], [ -21.9519586, 64.137129 ], [ -21.952141, 64.1371692 ] ] ] } },
{ "type": "Feature", "properties": { "osm_id": 28617724, "osm_class": "building", "osm_value": "detached", "name": "" }, "geometry": { "type": "Polygon", "coordinates": [ [ [ -21.9519652, 64.1378188 ], [ -21.9520627, 64.1377339 ], [ -21.9519362, 64.1377063 ], [ -21.9519576, 64.1376876 ], [ -21.9519005, 64.1376751 ], [ -21.9518802, 64.1376928 ], [ -21.9518733, 64.1376913 ], [ -21.951885, 64.1376811 ], [ -21.9517833, 64.137659 ], [ -21.9516731, 64.137755 ], [ -21.9519652, 64.1378188 ] ] ] } },
{ "type": "Feature", "properties": { "osm_id": 28617725, "osm_class": "building", "osm_value": "apartments", "name": "" }, "geometry": { "type": "Polygon", "coordinates": [ [ [ -21.9525063, 64.1378286 ], [ -21.9526715, 64.1378639 ], [ -21.9526945, 64.1378433 ], [ -21.9527653, 64.1378584 ], [ -21.952656, 64.1379559 ], [ -21.952418, 64.1379051 ], [ -21.9524131, 64.1379095 ], [ -21.9523268, 64.1378911 ], [ -21.952441, 64.1377893 ], [ -21.9525292, 64.1378082 ], [ -21.9525063, 64.1378286 ] ] ] } },
{ "type": "Feature", "properties": { "osm_id": 28617726, "osm_class": "building", "osm_value": "apartments", "name": "" }, "geometry": { "type": "Polygon", "coordinates": [ [ [ -21.9527847, 64.1375882 ], [ -21.9529499, 64.1376235 ], [ -21.9529729, 64.1376029 ], [ -21.9530437, 64.137618 ], [ -21.9529344, 64.1377155 ], [ -21.9526964, 64.1376647 ], [ -21.9526915, 64.1376691 ], [ -21.9526053, 64.1376507 ], [ -21.9527194, 64.1375489 ], [ -21.9528077, 64.1375677 ], [ -21.9527847, 64.1375882 ] ] ] } },
{ "type": "Feature", "properties": { "osm_id": 28617785, "osm_class": "building", "osm_value": "detached", "name": "" }, "geometry": { "type": "Polygon", "coordinates": [ [ [ -21.9512283, 64.1376588 ], [ -21.9513129, 64.1376767 ], [ -21.9513177, 64.1376724 ], [ -21.951504, 64.1377118 ], [ -21.9515866, 64.1376375 ], [ -21.9514044, 64.137599 ], [ -21.9514185, 64.1375863 ], [ -21.9513297, 64.1375676 ], [ -21.9512283, 64.1376588 ] ] ] } },
{ "type": "Feature", "properties": { "osm_id": 28617786, "osm_class": "building", "osm_value": "detached", "name": "" }, "geometry": { "type": "Polygon", "coordinates": [ [ [ -21.9512175, 64.1379483 ], [ -21.951033, 64.1379079 ], [ -21.9510279, 64.1379123 ], [ -21.9509444, 64.1378941 ], [ -21.9510482, 64.1378039 ], [ -21.9511358, 64.1378231 ], [ -21.9511221, 64.137835 ], [ -21.9513024, 64.1378744 ], [ -21.9512175, 64.1379483 ] ] ] } },
{ "type": "Feature", "properties": { "osm_id": 28617787, "osm_class": "building", "osm_value": "detached", "name": "" }, "geometry": { "type": "Polygon", "coordinates": [ [ [ -21.9509158, 64.1382031 ], [ -21.9507307, 64.138162 ], [ -21.9507256, 64.1381663 ], [ -21.9506421, 64.1381478 ], [ -21.9507473, 64.1380578 ], [ -21.9508333, 64.138077 ], [ -21.9508198, 64.1380885 ], [ -21.9510024, 64.1381291 ], [ -21.9509158, 64.1382031 ] ] ] } },
{ "type": "Feature", "properties": { "osm_id": 28617788, "osm_class": "building", "osm_value": "garage", "name": "" }, "geometry": { "type": "Polygon", "coordinates": [ [ [ -21.9511201, 64.138131 ], [ -21.951052, 64.13819 ], [ -21.9509847, 64.1381752 ], [ -21.9510529, 64.1381162 ], [ -21.9511201, 64.138131 ] ] ] } },
{ "type": "Feature", "properties": { "osm_id": 28617819, "osm_class": "building", "osm_value": "university", "name": "Aragata 9" }, "geometry": { "type": "Polygon", "coordinates": [ [ [ -21.9522393, 64.1372845 ], [ -21.9523239, 64.1373024 ], [ -21.9523287, 64.1372981 ], [ -21.952515, 64.1373375 ], [ -21.9525976, 64.1372632 ], [ -21.9524154, 64.1372247 ], [ -21.9524295, 64.137212 ], [ -21.9523407, 64.1371933 ], [ -21.9522393, 64.1372845 ] ] ] } },
{ "type": "Feature", "properties": { "osm_id": 28630579, "osm_class": "building", "osm_value": "garage", "name": "" }, "geometry": { "type": "Polygon", "coordinates": [ [ [ -21.9531347, 64.1374755 ], [ -21.9530937, 64.1375114 ], [ -21.9532076, 64.1375362 ], [ -21.9532486, 64.1375003 ], [ -21.9531347, 64.1374755 ] ] ] } },
{ "type": "Feature", "properties": { "osm_id": 28630580, "osm_class": "building", "osm_value": "apartments", "name": "" }, "geometry": { "type": "Polygon", "coordinates": [ [ [ -21.9530879, 64.137451 ], [ -21.9532028, 64.1374758 ], [ -21.9532835, 64.1374044 ], [ -21.9531699, 64.13738 ], [ -21.9531591, 64.1373895 ], [ -21.9530971, 64.1373762 ], [ -21.9531542, 64.1373257 ], [ -21.9530207, 64.137297 ], [ -21.9528842, 64.1374178 ], [ -21.9530147, 64.1374459 ], [ -21.9530464, 64.1374178 ], [ -21.9531099, 64.1374315 ], [ -21.9530879, 64.137451 ] ] ] } },
{ "type": "Feature", "properties": { "osm_id": 28630581, "osm_class": "building", "osm_value": "garage", "name": "" }, "geometry": { "type": "Polygon", "coordinates": [ [ [ -21.9533781, 64.1372358 ], [ -21.9533429, 64.1372673 ], [ -21.9534805, 64.1372965 ], [ -21.9535157, 64.137265 ], [ -21.9533781, 64.1372358 ] ] ] } },
{ "type": "Feature", "properties": { "osm_id": 28630582, "osm_class": "building", "osm_value": "apartments", "name": "" }, "geometry": { "type": "Polygon", "coordinates": [ [ [ -21.9531651, 64.1371746 ], [ -21.9534646, 64.1372387 ], [ -21.9535635, 64.1371507 ], [ -21.9534935, 64.1371357 ], [ -21.9534799, 64.1371477 ], [ -21.9533333, 64.1371164 ], [ -21.9533451, 64.1371059 ], [ -21.9532622, 64.1370882 ], [ -21.9531651, 64.1371746 ] ] ] } },
{ "type": "Feature", "properties": { "osm_id": 28630583, "osm_class": "building", "osm_value": "garage", "name": "" }, "geometry": { "type": "Polygon", "coordinates": [ [ [ -21.9537729, 64.1370388 ], [ -21.9538028, 64.1370113 ], [ -21.953664, 64.1369826 ], [ -21.953634, 64.1370101 ], [ -21.9537729, 64.1370388 ] ] ] } },
{ "type": "Feature", "properties": { "osm_id": 28630584, "osm_class": "building", "osm_value": "university", "name": "Aragata 14" }, "geometry": { "type": "Polygon", "coordinates": [ [ [ -21.9537349, 64.1369885 ], [ -21.9538373, 64.1368974 ], [ -21.9536439, 64.1368561 ], [ -21.9536684, 64.1368343 ], [ -21.9535811, 64.1368156 ], [ -21.9534627, 64.136921 ], [ -21.9535436, 64.1369383 ], [ -21.9535489, 64.1369336 ], [ -21.9536701, 64.1369595 ], [ -21.9536563, 64.1369717 ], [ -21.9537349, 64.1369885 ] ] ] } },
{ "type": "Feature", "properties": { "osm_id": 28630585, "osm_class": "building", "osm_value": "apartments", "name": "" }, "geometry": { "type": "Polygon", "coordinates": [ [ [ -21.9540068, 64.1367377 ], [ -21.9541074, 64.1366461 ], [ -21.9539262, 64.1366082 ], [ -21.9539452, 64.1365909 ], [ -21.9538553, 64.1365721 ], [ -21.9537357, 64.136681 ], [ -21.9540068, 64.1367377 ] ] ] } },
{ "type": "Feature", "properties": { "osm_id": 28630586, "osm_class": "building", "osm_value": "garage", "name": "" }, "geometry": { "type": "Polygon", "coordinates": [ [ [ -21.9540496, 64.1367962 ], [ -21.9540795, 64.1367687 ], [ -21.9539407, 64.13674 ], [ -21.9539107, 64.1367675 ], [ -21.9540496, 64.1367962 ] ] ] } },
{ "type": "Feature", "properties": { "osm_id": 28630587, "osm_class": "building", "osm_value": "detached", "name": "" }, "geometry": { "type": "Polygon", "coordinates": [ [ [ -21.9532043, 64.136459 ], [ -21.9531017, 64.1365496 ], [ -21.9531857, 64.1365677 ], [ -21.9531909, 64.1365631 ], [ -21.9533742, 64.1366026 ], [ -21.953458, 64.1365286 ], [ -21.9532768, 64.1364895 ], [ -21.9532903, 64.1364776 ], [ -21.9532043, 64.136459 ] ] ] } },
{ "type": "Feature", "properties": { "osm_id": 28630588, "osm_class": "building", "osm_value": "garage", "name": "" }, "geometry": { "type": "Polygon", "coordinates": [ [ [ -21.9531323, 64.1365674 ], [ -21.9530997, 64.1365966 ], [ -21.9529728, 64.1365697 ], [ -21.9530054, 64.1365405 ], [ -21.9531323, 64.1365674 ] ] ] } },
{ "type": "Feature", "properties": { "osm_id": 28630589, "osm_class": "building", "osm_value": "detached", "name": "" }, "geometry": { "type": "Polygon", "coordinates": [ [ [ -21.952996, 64.1367294 ], [ -21.9531781, 64.1367688 ], [ -21.9530935, 64.1368432 ], [ -21.9529111, 64.1368038 ], [ -21.9529054, 64.1368088 ], [ -21.9528197, 64.1367903 ], [ -21.952924, 64.1366985 ], [ -21.95301, 64.1367171 ], [ -21.952996, 64.1367294 ] ] ] } },
{ "type": "Feature", "properties": { "osm_id": 28630590, "osm_class": "building", "osm_value": "garage", "name": "" }, "geometry": { "type": "Polygon", "coordinates": [ [ [ -21.9524046, 64.1370383 ], [ -21.9525449, 64.1370681 ], [ -21.9525117, 64.1370954 ], [ -21.9523752, 64.1370673 ], [ -21.9524046, 64.1370383 ] ] ] } },
{ "type": "Feature", "properties": { "osm_id": 28630591, "osm_class": "building", "osm_value": "detached", "name": "" }, "geometry": { "type": "Polygon", "coordinates": [ [ [ -21.9525186, 64.1370471 ], [ -21.9526023, 64.1370649 ], [ -21.9526076, 64.1370601 ], [ -21.9527908, 64.1370992 ], [ -21.9528732, 64.1370255 ], [ -21.9526933, 64.1369872 ], [ -21.9527075, 64.1369745 ], [ -21.9526206, 64.136956 ], [ -21.9525186, 64.1370471 ] ] ] } },
{ "type": "Feature", "properties": { "osm_id": 28630697, "osm_class": "building", "osm_value": "detached", "name": "" }, "geometry": { "type": "Polygon", "coordinates": [ [ [ -21.9524208, 64.1369329 ], [ -21.9523348, 64.1370071 ], [ -21.9521492, 64.1369662 ], [ -21.9521445, 64.1369702 ], [ -21.9520614, 64.1369519 ], [ -21.952167, 64.1368608 ], [ -21.9522532, 64.1368798 ], [ -21.9522383, 64.1368927 ], [ -21.9524208, 64.1369329 ] ] ] } },
{ "type": "Feature", "properties": { "osm_id": 28630698, "osm_class": "building", "osm_value": "detached", "name": "" }, "geometry": { "type": "Polygon", "coordinates": [ [ [ -21.952724, 64.1366738 ], [ -21.9526379, 64.1367479 ], [ -21.9524523, 64.136707 ], [ -21.9524477, 64.136711 ], [ -21.9523646, 64.1366926 ], [ -21.9524702, 64.1366016 ], [ -21.9525564, 64.1366206 ], [ -21.9525415, 64.1366335 ], [ -21.952724, 64.1366738 ] ] ] } },
{ "type": "Feature", "properties": { "osm_id": 28630699, "osm_class": "building", "osm_value": "apartments", "name": "" }, "geometry": { "type": "Polygon", "coordinates": [ [ [ -21.9529962, 64.1364361 ], [ -21.9529103, 64.1365103 ], [ -21.9527246, 64.1364694 ], [ -21.9527199, 64.1364734 ], [ -21.952637, 64.1364551 ], [ -21.9527425, 64.1363641 ], [ -21.9528286, 64.1363831 ], [ -21.9528138, 64.1363959 ], [ -21.9529962, 64.1364361 ] ] ] } },
{ "type": "Feature", "properties": { "osm_id": 28631659, "osm_class": "building", "osm_value": "dormitory", "name": "Hjónagarðar" }, "geometry": { "type": "Polygon", "coordinates": [ [ [ -21.9549996, 64.1359555 ], [ -21.9551221, 64.1359808 ], [ -21.9550976, 64.1360034 ], [ -21.9552567, 64.1360363 ], [ -21.9554739, 64.1358367 ], [ -21.955301, 64.1358009 ], [ -21.9552754, 64.1358244 ], [ -21.9552176, 64.1358124 ], [ -21.9552417, 64.1357903 ], [ -21.9547723, 64.1356931 ], [ -21.9547018, 64.135758 ], [ -21.954745, 64.1357669 ], [ -21.9546837, 64.1358233 ], [ -21.9546244, 64.1358778 ], [ -21.9549996, 64.1359555 ] ] ] } },
{ "type": "Feature", "properties": { "osm_id": 28631757, "osm_class": "building", "osm_value": "university", "name": "VR-I" }, "geometry": { "type": "Polygon", "coordinates": [ [ [ -21.9542067, 64.1389003 ], [ -21.9544437, 64.1386857 ], [ -21.9546232, 64.1387234 ], [ -21.9546268, 64.1387242 ], [ -21.9546776, 64.1387348 ], [ -21.9548075, 64.1387621 ], [ -21.954423, 64.1391104 ], [ -21.9542573, 64.1390761 ], [ -21.9540517, 64.1390336 ], [ -21.9541757, 64.1389213 ], [ -21.95421, 64.1389285 ], [ -21.9542346, 64.1389062 ], [ -21.9542067, 64.1389003 ] ] ] } },
{ "type": "Feature", "properties": { "osm_id": 28631758, "osm_class": "building", "osm_value": "university", "name": "VR-III" }, "geometry": { "type": "Polygon", "coordinates": [ [ [ -21.9539112, 64.1387729 ], [ -21.9537759, 64.1387443 ], [ -21.9538944, 64.1386375 ], [ -21.9537032, 64.1385971 ], [ -21.9536466, 64.1386481 ], [ -21.953587, 64.1386355 ], [ -21.9535568, 64.1386628 ], [ -21.9536112, 64.1386742 ], [ -21.9535811, 64.1387013 ], [ -21.9535142, 64.1386872 ], [ -21.9532445, 64.1389304 ], [ -21.9533192, 64.1389462 ], [ -21.953127, 64.1391195 ], [ -21.9531891, 64.1391327 ], [ -21.9535253, 64.1392036 ], [ -21.9535634, 64.1391692 ], [ -21.9535869, 64.1391742 ], [ -21.9536173, 64.1391467 ], [ -21.9535912, 64.1391412 ], [ -21.9536519, 64.1390865 ], [ -21.9536738, 64.1390912 ], [ -21.9537059, 64.1390623 ], [ -21.9536851, 64.1390579 ], [ -21.9537129, 64.1390329 ], [ -21.9536396, 64.1390175 ], [ -21.9539112, 64.1387729 ] ] ] } },
{ "type": "Feature", "properties": { "osm_id": 28631857, "osm_class": "building", "osm_value": "university", "name": "Loftskeytastöð" }, "geometry": { "type": "Polygon", "coordinates": [ [ [ -21.9529268, 64.1393445 ], [ -21.9527668, 64.139481 ], [ -21.9529582, 64.1395236 ], [ -21.9529767, 64.1395078 ], [ -21.9530043, 64.139514 ], [ -21.9530407, 64.1394829 ], [ -21.9530082, 64.1394756 ], [ -21.9531132, 64.139386 ], [ -21.9529268, 64.1393445 ] ] ] } },
{ "type": "Feature", "properties": { "osm_id": 28687230, "osm_class": "building", "osm_value": "dormitory", "name": "" }, "geometry": { "type": "Polygon", "coordinates": [ [ [ -21.9541076, 64.1351741 ], [ -21.9540316, 64.1352412 ], [ -21.9538227, 64.1351949 ], [ -21.9538554, 64.1352354 ], [ -21.9537989, 64.1352864 ], [ -21.953973, 64.1353239 ], [ -21.9539625, 64.1353331 ], [ -21.9540264, 64.1353469 ], [ -21.9540366, 64.1353378 ], [ -21.9542075, 64.1353747 ], [ -21.9541973, 64.1353837 ], [ -21.9543142, 64.1354089 ], [ -21.9543251, 64.1353993 ], [ -21.9544451, 64.1354252 ], [ -21.9544882, 64.1353872 ], [ -21.9545178, 64.1353936 ], [ -21.9545455, 64.1353995 ], [ -21.95453, 64.1354132 ], [ -21.9546441, 64.1354378 ], [ -21.954633, 64.1354477 ], [ -21.9546924, 64.1354605 ], [ -21.9547035, 64.1354507 ], [ -21.9548124, 64.1354742 ], [ -21.9548025, 64.1354829 ], [ -21.954987, 64.1355227 ], [ -21.9550632, 64.1354554 ], [ -21.9550191, 64.1354459 ], [ -21.9551226, 64.1353546 ], [ -21.9550509, 64.1353391 ], [ -21.9550413, 64.1353475 ], [ -21.9548726, 64.1353111 ], [ -21.9548841, 64.135301 ], [ -21.9547682, 64.1352759 ], [ -21.9547583, 64.1352847 ], [ -21.9546909, 64.1352701 ], [ -21.9546457, 64.13531 ], [ -21.9545875, 64.1352975 ], [ -21.9546049, 64.1352821 ], [ -21.9545456, 64.1352693 ], [ -21.9545553, 64.1352608 ], [ -21.9544289, 64.1352335 ], [ -21.9544188, 64.1352424 ], [ -21.9542893, 64.1352145 ], [ -21.9543016, 64.1352037 ], [ -21.954183, 64.1351781 ], [ -21.9541718, 64.1351879 ], [ -21.9541076, 64.1351741 ] ] ] } },
{ "type": "Feature", "properties": { "osm_id": 28687761, "osm_class": "building", "osm_value": "dormitory", "name": "" }, "geometry": { "type": "Polygon", "coordinates": [ [ [ -21.9503874, 64.1346087 ], [ -21.9505697, 64.1346921 ], [ -21.9509568, 64.1345222 ], [ -21.9507705, 64.1344414 ], [ -21.9506539, 64.1344926 ], [ -21.9506235, 64.1344794 ], [ -21.9504792, 64.1345428 ], [ -21.9505085, 64.1345555 ], [ -21.9503874, 64.1346087 ] ] ] } },
{ "type": "Feature", "properties": { "osm_id": 28687763, "osm_class": "building", "osm_value": "dormitory", "name": "" }, "geometry": { "type": "Polygon", "coordinates": [ [ [ -21.9518435, 64.1345839 ], [ -21.9516595, 64.1345028 ], [ -21.9515432, 64.1345529 ], [ -21.9516546, 64.1346021 ], [ -21.9516319, 64.1346119 ], [ -21.9516128, 64.1346035 ], [ -21.9515142, 64.134646 ], [ -21.9515321, 64.1346539 ], [ -21.9515157, 64.134661 ], [ -21.9514074, 64.1346132 ], [ -21.9512858, 64.1346657 ], [ -21.951469, 64.1347465 ], [ -21.9515819, 64.1346978 ], [ -21.9516109, 64.1347106 ], [ -21.9517577, 64.1346473 ], [ -21.9517275, 64.134634 ], [ -21.9518435, 64.1345839 ] ] ] } },
{ "type": "Feature", "properties": { "osm_id": 28687764, "osm_class": "building", "osm_value": "dormitory", "name": "" }, "geometry": { "type": "Polygon", "coordinates": [ [ [ -21.951323, 64.1348107 ], [ -21.9511389, 64.1347295 ], [ -21.9510226, 64.1347797 ], [ -21.9511341, 64.1348289 ], [ -21.9511114, 64.1348387 ], [ -21.9510922, 64.1348302 ], [ -21.9509936, 64.1348728 ], [ -21.9510115, 64.1348807 ], [ -21.9509951, 64.1348877 ], [ -21.9508869, 64.13484 ], [ -21.9507652, 64.1348925 ], [ -21.9509484, 64.1349733 ], [ -21.9510613, 64.1349246 ], [ -21.9510903, 64.1349374 ], [ -21.9512371, 64.1348741 ], [ -21.9512069, 64.1348608 ], [ -21.951323, 64.1348107 ] ] ] } },
{ "type": "Feature", "properties": { "osm_id": 28687765, "osm_class": "building", "osm_value": "dormitory", "name": "" }, "geometry": { "type": "Polygon", "coordinates": [ [ [ -21.952467, 64.1348594 ], [ -21.9522823, 64.1347765 ], [ -21.9521573, 64.1348345 ], [ -21.9521227, 64.1348212 ], [ -21.9520164, 64.1348699 ], [ -21.9520443, 64.1348826 ], [ -21.9519113, 64.1349395 ], [ -21.9520921, 64.1350212 ], [ -21.9522118, 64.1349725 ], [ -21.9520997, 64.1349221 ], [ -21.9521214, 64.1349134 ], [ -21.9521546, 64.1349157 ], [ -21.9522184, 64.1348879 ], [ -21.9522189, 64.1348714 ], [ -21.9522397, 64.1348635 ], [ -21.9523474, 64.1349122 ], [ -21.952467, 64.1348594 ] ] ] } },
{ "type": "Feature", "properties": { "osm_id": 28687766, "osm_class": "building", "osm_value": "dormitory", "name": "" }, "geometry": { "type": "Polygon", "coordinates": [ [ [ -21.9519452, 64.1350874 ], [ -21.9517604, 64.1350045 ], [ -21.9516354, 64.1350625 ], [ -21.9516009, 64.1350492 ], [ -21.9514945, 64.1350979 ], [ -21.9515224, 64.1351106 ], [ -21.9513895, 64.1351675 ], [ -21.9515703, 64.1352493 ], [ -21.9516899, 64.1352005 ], [ -21.9515779, 64.1351501 ], [ -21.9515995, 64.1351414 ], [ -21.9516328, 64.1351437 ], [ -21.9516966, 64.1351159 ], [ -21.951697, 64.1350994 ], [ -21.9517179, 64.1350915 ], [ -21.9518255, 64.1351402 ], [ -21.9519452, 64.1350874 ] ] ] } },
{ "type": "Feature", "properties": { "osm_id": 28687767, "osm_class": "building", "osm_value": "dormitory", "name": "" }, "geometry": { "type": "Polygon", "coordinates": [ [ [ -21.953378, 64.1357234 ], [ -21.9534078, 64.1357624 ], [ -21.9534309, 64.135759 ], [ -21.9534731, 64.1358142 ], [ -21.9534545, 64.1358169 ], [ -21.9534863, 64.1358575 ], [ -21.953552, 64.1358715 ], [ -21.9535628, 64.1358619 ], [ -21.9536781, 64.1358865 ], [ -21.9536663, 64.135897 ], [ -21.9537943, 64.1359243 ], [ -21.9538061, 64.1359138 ], [ -21.9539192, 64.135938 ], [ -21.9539061, 64.1359496 ], [ -21.9539687, 64.135963 ], [ -21.9539818, 64.1359513 ], [ -21.9540434, 64.1359645 ], [ -21.9540314, 64.1359752 ], [ -21.9541005, 64.1359899 ], [ -21.9540337, 64.1360494 ], [ -21.953969, 64.1360361 ], [ -21.9538779, 64.13612 ], [ -21.9533233, 64.1360076 ], [ -21.9533149, 64.1360158 ], [ -21.9532441, 64.136001 ], [ -21.9532528, 64.1359919 ], [ -21.953181, 64.1359773 ], [ -21.9531309, 64.135909 ], [ -21.9531079, 64.1359123 ], [ -21.9530686, 64.1358587 ], [ -21.9530873, 64.1358561 ], [ -21.9530484, 64.135803 ], [ -21.953026, 64.1358062 ], [ -21.9530057, 64.1357785 ], [ -21.9530254, 64.1357758 ], [ -21.9529827, 64.1357078 ], [ -21.953378, 64.1357234 ] ] ] } },
{ "type": "Feature", "properties": { "osm_id": 28687893, "osm_class": "building", "osm_value": "dormitory", "name": "" }, "geometry": { "type": "Polygon", "coordinates": [ [ [ -21.9506385, 64.1350247 ], [ -21.950508, 64.1349679 ], [ -21.9504866, 64.1349773 ], [ -21.9504437, 64.1349587 ], [ -21.950362, 64.1349944 ], [ -21.9503836, 64.1350038 ], [ -21.9503381, 64.1350237 ], [ -21.9503163, 64.1350143 ], [ -21.9502378, 64.1350487 ], [ -21.9502594, 64.135058 ], [ -21.9502115, 64.135079 ], [ -21.9501935, 64.1350711 ], [ -21.9501102, 64.1351076 ], [ -21.9501483, 64.1351242 ], [ -21.9501264, 64.1351338 ], [ -21.9502192, 64.1351741 ], [ -21.9502843, 64.1351456 ], [ -21.9504576, 64.135221 ], [ -21.95044, 64.1352288 ], [ -21.950521, 64.135264 ], [ -21.9505423, 64.1352547 ], [ -21.9505869, 64.1352741 ], [ -21.9505644, 64.1352839 ], [ -21.9506442, 64.1353186 ], [ -21.9506639, 64.1353099 ], [ -21.9507083, 64.1353292 ], [ -21.9506886, 64.1353379 ], [ -21.9507664, 64.1353717 ], [ -21.9507865, 64.135363 ], [ -21.9508365, 64.1353847 ], [ -21.9508158, 64.1353937 ], [ -21.951111, 64.1355221 ], [ -21.9512418, 64.1354648 ], [ -21.9512201, 64.1354554 ], [ -21.9514493, 64.135355 ], [ -21.9513149, 64.1352966 ], [ -21.9512954, 64.1353051 ], [ -21.9512518, 64.1352861 ], [ -21.9511616, 64.1353256 ], [ -21.9511012, 64.1352993 ], [ -21.9510764, 64.1353102 ], [ -21.9510091, 64.1352809 ], [ -21.951034, 64.13527 ], [ -21.9509709, 64.1352426 ], [ -21.9508745, 64.1352848 ], [ -21.9508481, 64.1352733 ], [ -21.9510537, 64.1351833 ], [ -21.9509245, 64.1351271 ], [ -21.9509094, 64.1351337 ], [ -21.9508659, 64.1351148 ], [ -21.9507717, 64.1351561 ], [ -21.9507084, 64.1351286 ], [ -21.9506831, 64.1351397 ], [ -21.9506186, 64.1351116 ], [ -21.9506431, 64.1351009 ], [ -21.9505797, 64.1350733 ], [ -21.950486, 64.1351144 ], [ -21.9504597, 64.135103 ], [ -21.9506385, 64.1350247 ] ] ] } },
{ "type": "Feature", "properties": { "osm_id": 28687894, "osm_class": "building", "osm_value": "dormitory", "name": "" }, "geometry": { "type": "Polygon", "coordinates": [ [ [ -21.9497898, 64.134761 ], [ -21.949915, 64.1348282 ], [ -21.9498923, 64.1348367 ], [ -21.9499708, 64.1348766 ], [ -21.949946, 64.1348964 ], [ -21.9498689, 64.1349237 ], [ -21.9498173, 64.1349324 ], [ -21.9497423, 64.1348931 ], [ -21.9497155, 64.1349003 ], [ -21.9495896, 64.1348343 ], [ -21.9496446, 64.1348099 ], [ -21.9496233, 64.1347985 ], [ -21.9496075, 64.1347979 ], [ -21.9495435, 64.1347637 ], [ -21.9495435, 64.1347553 ], [ -21.9495215, 64.1347457 ], [ -21.9494596, 64.1347673 ], [ -21.9493316, 64.1347004 ], [ -21.9493529, 64.1346926 ], [ -21.9492772, 64.1346512 ], [ -21.9493041, 64.134628 ], [ -21.9494251, 64.1345893 ], [ -21.9495077, 64.1346334 ], [ -21.9495297, 64.1346268 ], [ -21.9496556, 64.1346917 ], [ -21.9496859, 64.1346818 ], [ -21.9498201, 64.1347508 ], [ -21.9497898, 64.134761 ] ] ] } },
{ "type": "Feature", "properties": { "osm_id": 28687895, "osm_class": "building", "osm_value": "dormitory", "name": "" }, "geometry": { "type": "Polygon", "coordinates": [ [ [ -21.9517257, 64.1356324 ], [ -21.9517064, 64.1356283 ], [ -21.9516767, 64.1356548 ], [ -21.9515603, 64.1356301 ], [ -21.951571, 64.1356205 ], [ -21.9515147, 64.1356085 ], [ -21.9515741, 64.1355552 ], [ -21.9516314, 64.1355673 ], [ -21.9516414, 64.1355583 ], [ -21.9517574, 64.1355829 ], [ -21.9517284, 64.135609 ], [ -21.9517479, 64.1356131 ], [ -21.9517257, 64.1356324 ] ] ] } },
{ "type": "Feature", "properties": { "osm_id": 28687896, "osm_class": "building", "osm_value": "dormitory", "name": "" }, "geometry": { "type": "Polygon", "coordinates": [ [ [ -21.9522584, 64.1352532 ], [ -21.9524435, 64.1353343 ], [ -21.9523346, 64.1353816 ], [ -21.9523644, 64.1353946 ], [ -21.9522172, 64.1354585 ], [ -21.9521866, 64.1354451 ], [ -21.9520724, 64.1354947 ], [ -21.9518874, 64.1354135 ], [ -21.952007, 64.1353616 ], [ -21.9521207, 64.1354114 ], [ -21.9521607, 64.1353941 ], [ -21.9521385, 64.1353843 ], [ -21.9522012, 64.1353571 ], [ -21.9522228, 64.1353665 ], [ -21.9522578, 64.1353513 ], [ -21.9521456, 64.1353021 ], [ -21.9522584, 64.1352532 ] ] ] } },
{ "type": "Feature", "properties": { "osm_id": 52275277, "osm_class": "leisure", "osm_value": "park", "name": "Hljómskálagarðurinn" }, "geometry": { "type": "Polygon", "coordinates": [ [ [ -21.9406775, 64.1428145 ], [ -21.940568, 64.1427987 ], [ -21.9404926, 64.1427763 ], [ -21.9404038, 64.1427457 ], [ -21.9403573, 64.1427107 ], [ -21.9380914, 64.1398386 ], [ -21.9380291, 64.1397507 ], [ -21.9380447, 64.1397282 ], [ -21.9381198, 64.1396931 ], [ -21.9381788, 64.1396229 ], [ -21.9381874, 64.1395563 ], [ -21.9385595, 64.1393483 ], [ -21.9387999, 64.1392644 ], [ -21.9394138, 64.1390169 ], [ -21.9394964, 64.1390199 ], [ -21.9396027, 64.1389801 ], [ -21.939601, 64.1389536 ], [ -21.9396317, 64.138941 ], [ -21.9397202, 64.1389221 ], [ -21.9398705, 64.1389126 ], [ -21.9399983, 64.1389221 ], [ -21.9400974, 64.1389421 ], [ -21.9402259, 64.1389789 ], [ -21.9403589, 64.1390224 ], [ -21.9417783, 64.1396486 ], [ -21.9432039, 64.140384 ], [ -21.945477, 64.1415566 ], [ -21.9448513, 64.1430803 ], [ -21.9449676, 64.1431943 ], [ -21.9451071, 64.1440529 ], [ -21.9450444, 64.1440671 ], [ -21.9449223, 64.1439674 ], [ -21.9448352, 64.1438909 ], [ -21.944222, 64.1434984 ], [ -21.9437713, 64.1432668 ], [ -21.9436535, 64.1431633 ], [ -21.9435277, 64.1431071 ], [ -21.9406775, 64.1428145 ] ] ] } },
{ "type": "Feature", "properties": { "osm_id": 52276222, "osm_class": "landuse", "osm_value": "grass", "name": "" }, "geometry": { "type": "Polygon", "coordinates": [ [ [ -21.9453349, 64.1411531 ], [ -21.9449887, 64.1409715 ], [ -21.9444917, 64.1407107 ], [ -21.9439753, 64.1404398 ], [ -21.9435617, 64.1402228 ], [ -21.9423201, 64.1395714 ], [ -21.9403762, 64.1386778 ], [ -21.9403069, 64.1386319 ], [ -21.9402961, 64.1385847 ], [ -21.9403967, 64.1385235 ], [ -21.9425862, 64.1375509 ], [ -21.9428188, 64.137412 ], [ -21.9429475, 64.1373077 ], [ -21.9430591, 64.1371474 ], [ -21.9430734, 64.1370614 ], [ -21.9429511, 64.1364085 ], [ -21.9429258, 64.1362605 ], [ -21.9429502, 64.1361642 ], [ -21.9430073, 64.1360717 ], [ -21.9430933, 64.1359733 ], [ -21.9431979, 64.1358855 ], [ -21.9432995, 64.1358285 ], [ -21.9434059, 64.1358064 ], [ -21.9435603, 64.1358143 ], [ -21.9437174, 64.1358631 ], [ -21.945327, 64.1365189 ], [ -21.9446858, 64.1368185 ], [ -21.9442696, 64.1370649 ], [ -21.9440633, 64.1373877 ], [ -21.9446185, 64.1375314 ], [ -21.9456526, 64.1377843 ], [ -21.9458376, 64.1379726 ], [ -21.9458841, 64.1381797 ], [ -21.9461494, 64.1382732 ], [ -21.9469181, 64.1385439 ], [ -21.947183, 64.1385264 ], [ -21.9475156, 64.1383417 ], [ -21.9483114, 64.1385822 ], [ -21.9453349, 64.1411531 ] ] ] } },
{ "type": "Feature", "properties": { "osm_id": 52276223, "osm_class": "natural", "osm_value": "wetland", "name": "Vatnsmýri" }, "geometry": { "type": "Polygon", "coordinates": [ [ [ -21.9442177, 64.1396247 ], [ -21.9446189, 64.1395617 ], [ -21.9453457, 64.1392672 ], [ -21.9461906, 64.1388457 ], [ -21.9468475, 64.1385888 ], [ -21.9462901, 64.138332 ], [ -21.9452758, 64.1379385 ], [ -21.9446805, 64.137751 ], [ -21.9437793, 64.1375263 ], [ -21.9432566, 64.1375767 ], [ -21.9430712, 64.1375825 ], [ -21.9418695, 64.1381815 ], [ -21.9412132, 64.1383649 ], [ -21.9409955, 64.1386839 ], [ -21.9414535, 64.1389522 ], [ -21.9420959, 64.1392469 ], [ -21.942747, 64.1395389 ], [ -21.9432772, 64.1396837 ], [ -21.9437793, 64.1397633 ], [ -21.9442177, 64.1396247 ] ] ] } },
{ "type": "Feature", "properties": { "osm_id": 52279529, "osm_class": "landuse", "osm_value": "residential", "name": "" }, "geometry": { "type": "Polygon", "coordinates": [ [ [ -21.9532186, 64.1305474 ], [ -21.9529876, 64.1307634 ], [ -21.9531859, 64.1311012 ], [ -21.9533479, 64.131144 ], [ -21.9553448, 64.131655 ], [ -21.9558966, 64.1312155 ], [ -21.957632, 64.1316912 ], [ -21.9578901, 64.1318002 ], [ -21.9582958, 64.1318 ], [ -21.9587845, 64.1317602 ], [ -21.9589478, 64.1313432 ], [ -21.9589478, 64.1309445 ], [ -21.9589478, 64.130714 ], [ -21.9589478, 64.1304413 ], [ -21.9589478, 64.1303242 ], [ -21.9589478, 64.1302759 ], [ -21.958934, 64.1302167 ], [ -21.958819, 64.1297235 ], [ -21.9585186, 64.1293209 ], [ -21.9577247, 64.128628 ], [ -21.9567805, 64.1283097 ], [ -21.9555145, 64.1278977 ], [ -21.9540983, 64.1275793 ], [ -21.9540825, 64.1275759 ], [ -21.9529182, 64.1273265 ], [ -21.9518667, 64.1270643 ], [ -21.9488282, 64.126515 ], [ -21.9485512, 64.1264649 ], [ -21.9480862, 64.1270261 ], [ -21.9472134, 64.1277328 ], [ -21.9469374, 64.1279555 ], [ -21.9460985, 64.1286324 ], [ -21.9461706, 64.1287658 ], [ -21.952872, 64.1304622 ], [ -21.9532186, 64.1305474 ] ] ] } },
{ "type": "Feature", "properties": { "osm_id": 52286465, "osm_class": "natural", "osm_value": "wood", "name": "" }, "geometry": { "type": "Polygon", "coordinates": [ [ [ -21.9442723, 64.1430435 ], [ -21.9439068, 64.1420739 ], [ -21.9439493, 64.1420536 ], [ -21.9440294, 64.1420534 ], [ -21.9445343, 64.1420645 ], [ -21.9448265, 64.142065 ], [ -21.9449844, 64.1420469 ], [ -21.9450534, 64.1420182 ], [ -21.9452069, 64.1415756 ], [ -21.9454566, 64.1416128 ], [ -21.9448504, 64.1430797 ], [ -21.9442723, 64.1430435 ] ] ] } },
{ "type": "Feature", "properties": { "osm_id": 52286468, "osm_class": "natural", "osm_value": "wood", "name": "" }, "geometry": { "type": "Polygon", "coordinates": [ [ [ -21.9451039, 64.141397 ], [ -21.94499, 64.1414375 ], [ -21.943443, 64.1406413 ], [ -21.9435471, 64.1406045 ], [ -21.9451039, 64.141397 ] ] ] } },
{ "type": "Feature", "properties": { "osm_id": 61737650, "osm_class": "landuse", "osm_value": "grass", "name": "" }, "geometry": { "type": "Polygon", "coordinates": [ [ [ -21.9503394, 64.1437483 ], [ -21.9504613, 64.1437712 ], [ -21.9505775, 64.1437769 ], [ -21.9507339, 64.1437711 ], [ -21.9511798, 64.1434534 ], [ -21.9515714, 64.143127 ], [ -21.9517377, 64.1430884 ], [ -21.9523537, 64.1426859 ], [ -21.9520408, 64.1426135 ], [ -21.9519147, 64.1427047 ], [ -21.9518921, 64.142681 ], [ -21.9518611, 64.1426591 ], [ -21.9518299, 64.1426429 ], [ -21.951794, 64.1426287 ], [ -21.9501383, 64.142274 ], [ -21.9493687, 64.1420928 ], [ -21.9488186, 64.1425525 ], [ -21.9487489, 64.142666 ], [ -21.9487838, 64.1427619 ], [ -21.9487945, 64.1428403 ], [ -21.9488696, 64.1429619 ], [ -21.9503394, 64.1437483 ] ] ] } },
{ "type": "Feature", "properties": { "osm_id": 61737651, "osm_class": "landuse", "osm_value": "grass", "name": "" }, "geometry": { "type": "Polygon", "coordinates": [ [ [ -21.9497855, 64.1437799 ], [ -21.9484921, 64.1431137 ], [ -21.9484247, 64.1430857 ], [ -21.9483492, 64.1430676 ], [ -21.948282, 64.1430616 ], [ -21.9481656, 64.1430652 ], [ -21.9480721, 64.143083 ], [ -21.9477089, 64.1433509 ], [ -21.9497426, 64.1438011 ], [ -21.9497855, 64.1437799 ] ] ] } },
{ "type": "Feature", "properties": { "osm_id": 61737845, "osm_class": "building", "osm_value": "yes", "name": "" }, "geometry": { "type": "Polygon", "coordinates": [ [ [ -21.9464143, 64.1325628 ], [ -21.9466278, 64.1323607 ], [ -21.9459168, 64.1322176 ], [ -21.9457137, 64.1321767 ], [ -21.945502, 64.1323772 ], [ -21.9455369, 64.1323843 ], [ -21.9464143, 64.1325628 ] ] ] } },
{ "type": "Feature", "properties": { "osm_id": 87371028, "osm_class": "natural", "osm_value": "water", "name": "" }, "geometry": { "type": "Polygon", "coordinates": [ [ [ -21.9464509, 64.1386979 ], [ -21.9463329, 64.1387307 ], [ -21.9462256, 64.1387447 ], [ -21.94607, 64.1387845 ], [ -21.9459735, 64.1388126 ], [ -21.9459252, 64.1388149 ], [ -21.945775, 64.1387798 ], [ -21.9456623, 64.1387447 ], [ -21.9455282, 64.1387284 ], [ -21.9454638, 64.138712 ], [ -21.9453619, 64.1386628 ], [ -21.9452868, 64.138609 ], [ -21.9451956, 64.1385716 ], [ -21.9451369, 64.1385084 ], [ -21.9450725, 64.1384569 ], [ -21.9450832, 64.1384054 ], [ -21.9451956, 64.138361 ], [ -21.9453512, 64.1383095 ], [ -21.9454531, 64.1382767 ], [ -21.9455765, 64.138251 ], [ -21.9456945, 64.1382416 ], [ -21.9458018, 64.1382206 ], [ -21.9459144, 64.1382136 ], [ -21.9459788, 64.1382323 ], [ -21.9462309, 64.1383095 ], [ -21.9462901, 64.138332 ], [ -21.9464777, 64.1384031 ], [ -21.9466011, 64.1384522 ], [ -21.9467245, 64.1385271 ], [ -21.946703, 64.1385669 ], [ -21.9467137, 64.138602 ], [ -21.9466816, 64.1386277 ], [ -21.9465635, 64.1386582 ], [ -21.9464777, 64.1386816 ], [ -21.9464509, 64.1386979 ] ] ] } },
{ "type": "Feature", "properties": { "osm_id": 87841184, "osm_class": "building", "osm_value": "hangar", "name": "Hangar 4" }, "geometry": { "type": "Polygon", "coordinates": [ [ [ -21.942564, 64.1323032 ], [ -21.9425091, 64.1321029 ], [ -21.9410291, 64.1321802 ], [ -21.9411185, 64.132506 ], [ -21.9412226, 64.1325005 ], [ -21.9425984, 64.1324287 ], [ -21.942564, 64.1323032 ] ] ] } },
{ "type": "Feature", "properties": { "osm_id": 87841224, "osm_class": "building", "osm_value": "yes", "name": "" }, "geometry": { "type": "Polygon", "coordinates": [ [ [ -21.9449373, 64.1319206 ], [ -21.9449546, 64.1319942 ], [ -21.9448661, 64.1319991 ], [ -21.9448468, 64.1319241 ], [ -21.9449373, 64.1319206 ] ] ] } },
{ "type": "Feature", "properties": { "osm_id": 87846543, "osm_class": "building", "osm_value": "yes", "name": "" }, "geometry": { "type": "Polygon", "coordinates": [ [ [ -21.9462044, 64.133723 ], [ -21.9460294, 64.1338323 ], [ -21.9455704, 64.1336924 ], [ -21.9457455, 64.1335831 ], [ -21.9462044, 64.133723 ] ] ] } },
{ "type": "Feature", "properties": { "osm_id": 87846548, "osm_class": "building", "osm_value": "yes", "name": "" }, "geometry": { "type": "Polygon", "coordinates": [ [ [ -21.9440261, 64.1332202 ], [ -21.9439629, 64.1332589 ], [ -21.9441877, 64.1333288 ], [ -21.9442509, 64.1332901 ], [ -21.9440261, 64.1332202 ] ] ] } },
{ "type": "Feature", "properties": { "osm_id": 87846552, "osm_class": "building", "osm_value": "hangar", "name": "" }, "geometry": { "type": "Polygon", "coordinates": [ [ [ -21.9449649, 64.1342409 ], [ -21.9447509, 64.1341758 ], [ -21.9447392, 64.1341831 ], [ -21.9441525, 64.1345506 ], [ -21.9443585, 64.1346151 ], [ -21.9444046, 64.1345881 ], [ -21.9445123, 64.134524 ], [ -21.9445653, 64.1344908 ], [ -21.9449649, 64.1342409 ] ] ] } },
{ "type": "Feature", "properties": { "osm_id": 87846563, "osm_class": "building", "osm_value": "yes", "name": "" }, "geometry": { "type": "Polygon", "coordinates": [ [ [ -21.9453157, 64.133024 ], [ -21.9450175, 64.1329615 ], [ -21.9450386, 64.1329404 ], [ -21.94508, 64.132899 ], [ -21.9450833, 64.1328956 ], [ -21.9454037, 64.1329599 ], [ -21.9453346, 64.1330271 ], [ -21.9453157, 64.133024 ] ] ] } },
{ "type": "Feature", "properties": { "osm_id": 87846566, "osm_class": "building", "osm_value": "hangar", "name": "" }, "geometry": { "type": "Polygon", "coordinates": [ [ [ -21.9422503, 64.1345044 ], [ -21.9420571, 64.1344469 ], [ -21.9424082, 64.1342221 ], [ -21.9426014, 64.1342795 ], [ -21.9425599, 64.1343061 ], [ -21.9422503, 64.1345044 ] ] ] } },
{ "type": "Feature", "properties": { "osm_id": 87846579, "osm_class": "building", "osm_value": "hangar", "name": "" }, "geometry": { "type": "Polygon", "coordinates": [ [ [ -21.9432013, 64.1337275 ], [ -21.9433983, 64.1337868 ], [ -21.9432351, 64.1338873 ], [ -21.9431867, 64.1339172 ], [ -21.9430338, 64.1340114 ], [ -21.9429825, 64.134043 ], [ -21.942844, 64.1341283 ], [ -21.9426474, 64.1340699 ], [ -21.9426906, 64.1340451 ], [ -21.9427381, 64.1340151 ], [ -21.9428902, 64.1339196 ], [ -21.9429363, 64.1338911 ], [ -21.9430912, 64.133796 ], [ -21.9431388, 64.1337665 ], [ -21.9432013, 64.1337275 ] ] ] } },
{ "type": "Feature", "properties": { "osm_id": 87846581, "osm_class": "building", "osm_value": "hangar", "name": "" }, "geometry": { "type": "Polygon", "coordinates": [ [ [ -21.9429535, 64.1350031 ], [ -21.9427625, 64.1349451 ], [ -21.9428082, 64.1349165 ], [ -21.9428543, 64.1348875 ], [ -21.9430054, 64.1347928 ], [ -21.9430551, 64.1347617 ], [ -21.9432112, 64.1346638 ], [ -21.9432583, 64.1346343 ], [ -21.9434119, 64.134538 ], [ -21.9436029, 64.134596 ], [ -21.9435418, 64.1346343 ], [ -21.9434911, 64.1346661 ], [ -21.9433398, 64.1347609 ], [ -21.94329, 64.1347921 ], [ -21.9431464, 64.1348822 ], [ -21.9430926, 64.1349159 ], [ -21.9429535, 64.1350031 ] ] ] } },
{ "type": "Feature", "properties": { "osm_id": 87846585, "osm_class": "building", "osm_value": "yes", "name": "" }, "geometry": { "type": "Polygon", "coordinates": [ [ [ -21.9441909, 64.1323391 ], [ -21.9441626, 64.1322855 ], [ -21.9439766, 64.1323018 ], [ -21.9439689, 64.1322786 ], [ -21.9438971, 64.1322832 ], [ -21.9439038, 64.1323073 ], [ -21.9437099, 64.1323218 ], [ -21.9437364, 64.1323806 ], [ -21.9438302, 64.1323732 ], [ -21.9438504, 64.1324161 ], [ -21.9439975, 64.1324038 ], [ -21.9439773, 64.1323607 ], [ -21.9441909, 64.1323391 ] ] ] } },
{ "type": "Feature", "properties": { "osm_id": 87846594, "osm_class": "building", "osm_value": "hangar", "name": "" }, "geometry": { "type": "Polygon", "coordinates": [ [ [ -21.9424493, 64.1348507 ], [ -21.942253, 64.1347915 ], [ -21.942357, 64.1347272 ], [ -21.9427966, 64.1344553 ], [ -21.9429125, 64.1343836 ], [ -21.9430977, 64.1344428 ], [ -21.9430436, 64.1344768 ], [ -21.942993, 64.1345087 ], [ -21.9428343, 64.1346085 ], [ -21.9427904, 64.1346361 ], [ -21.9424493, 64.1348507 ] ] ] } },
{ "type": "Feature", "properties": { "osm_id": 87846598, "osm_class": "building", "osm_value": "yes", "name": "" }, "geometry": { "type": "Polygon", "coordinates": [ [ [ -21.9444174, 64.1322215 ], [ -21.9443831, 64.1321076 ], [ -21.944325, 64.1321096 ], [ -21.9443282, 64.1321272 ], [ -21.9439825, 64.1321434 ], [ -21.944004, 64.1322425 ], [ -21.9441412, 64.1322358 ], [ -21.944328, 64.1322268 ], [ -21.9444174, 64.1322215 ] ] ] } },
{ "type": "Feature", "properties": { "osm_id": 87846610, "osm_class": "building", "osm_value": "hangar", "name": "" }, "geometry": { "type": "Polygon", "coordinates": [ [ [ -21.9455275, 64.1344053 ], [ -21.9451846, 64.1346209 ], [ -21.9449155, 64.1347923 ], [ -21.9446628, 64.134719 ], [ -21.9447037, 64.1346937 ], [ -21.9447823, 64.1346449 ], [ -21.9449451, 64.1345439 ], [ -21.9449915, 64.1345152 ], [ -21.9450167, 64.1344995 ], [ -21.945043, 64.1344832 ], [ -21.9450835, 64.1344581 ], [ -21.9451067, 64.1344437 ], [ -21.9451612, 64.1344099 ], [ -21.945215, 64.1343765 ], [ -21.9452819, 64.1343412 ], [ -21.9455275, 64.1344053 ] ] ] } },
{ "type": "Feature", "properties": { "osm_id": 87846614, "osm_class": "building", "osm_value": "hangar", "name": "" }, "geometry": { "type": "Polygon", "coordinates": [ [ [ -21.944368, 64.1334486 ], [ -21.9439268, 64.1337157 ], [ -21.9434799, 64.1335769 ], [ -21.9439091, 64.1333082 ], [ -21.944368, 64.1334486 ] ] ] } },
{ "type": "Feature", "properties": { "osm_id": 87846624, "osm_class": "building", "osm_value": "hangar", "name": "" }, "geometry": { "type": "Polygon", "coordinates": [ [ [ -21.9430298, 64.1352336 ], [ -21.9429804, 64.1352652 ], [ -21.9429405, 64.1352533 ], [ -21.9428524, 64.1353097 ], [ -21.9428875, 64.1353201 ], [ -21.9427591, 64.1354023 ], [ -21.9426397, 64.1353668 ], [ -21.9425414, 64.1354297 ], [ -21.9426568, 64.135464 ], [ -21.9424025, 64.1356266 ], [ -21.9424697, 64.1356466 ], [ -21.9424116, 64.1356838 ], [ -21.9425587, 64.1357275 ], [ -21.942615, 64.1356916 ], [ -21.9426331, 64.135697 ], [ -21.9430037, 64.1354599 ], [ -21.943103, 64.1354894 ], [ -21.9431942, 64.1354311 ], [ -21.9430999, 64.1354031 ], [ -21.9432585, 64.1353016 ], [ -21.9430298, 64.1352336 ] ] ] } },
{ "type": "Feature", "properties": { "osm_id": 87846627, "osm_class": "building", "osm_value": "transportation", "name": "Reykjavíkurflugvöllur" }, "geometry": { "type": "Polygon", "coordinates": [ [ [ -21.9469829, 64.1319288 ], [ -21.9465516, 64.1319537 ], [ -21.9462845, 64.1319691 ], [ -21.9462914, 64.131992 ], [ -21.9462989, 64.1320168 ], [ -21.9460529, 64.132031 ], [ -21.946005, 64.1318727 ], [ -21.9461514, 64.1318642 ], [ -21.9461268, 64.1317827 ], [ -21.9462817, 64.1317738 ], [ -21.9462722, 64.1317423 ], [ -21.9467148, 64.1317168 ], [ -21.9467236, 64.1317459 ], [ -21.9468764, 64.131737 ], [ -21.9468666, 64.1317047 ], [ -21.9470332, 64.1316951 ], [ -21.9470385, 64.1317126 ], [ -21.9470889, 64.1317097 ], [ -21.9470943, 64.1317277 ], [ -21.9470812, 64.1317284 ], [ -21.9470992, 64.1317878 ], [ -21.9471136, 64.131787 ], [ -21.9471407, 64.1318764 ], [ -21.9471134, 64.131878 ], [ -21.9470885, 64.1318794 ], [ -21.9470848, 64.1318672 ], [ -21.9469663, 64.131874 ], [ -21.9469829, 64.1319288 ] ] ] } },
{ "type": "Feature", "properties": { "osm_id": 87846644, "osm_class": "building", "osm_value": "yes", "name": "" }, "geometry": { "type": "Polygon", "coordinates": [ [ [ -21.9436144, 64.1326639 ], [ -21.9433679, 64.132616 ], [ -21.9434444, 64.1325329 ], [ -21.9434061, 64.1325258 ], [ -21.9434322, 64.132497 ], [ -21.9434753, 64.1325045 ], [ -21.943529, 64.1324559 ], [ -21.9437772, 64.1325042 ], [ -21.9436144, 64.1326639 ] ] ] } },
{ "type": "Feature", "properties": { "osm_id": 87846664, "osm_class": "building", "osm_value": "hangar", "name": "" }, "geometry": { "type": "Polygon", "coordinates": [ [ [ -21.943898, 64.1339432 ], [ -21.9437019, 64.1338829 ], [ -21.9436924, 64.1338888 ], [ -21.9435444, 64.1339805 ], [ -21.9434384, 64.1340462 ], [ -21.9433958, 64.1340726 ], [ -21.9432912, 64.1341374 ], [ -21.9431508, 64.1342244 ], [ -21.9433469, 64.1342847 ], [ -21.9434447, 64.1342241 ], [ -21.9435879, 64.1341353 ], [ -21.943898, 64.1339432 ] ] ] } },
{ "type": "Feature", "properties": { "osm_id": 87846668, "osm_class": "building", "osm_value": "hangar", "name": "" }, "geometry": { "type": "Polygon", "coordinates": [ [ [ -21.9439067, 64.1346887 ], [ -21.9441342, 64.1347573 ], [ -21.9440696, 64.1347981 ], [ -21.944019, 64.13483 ], [ -21.9438127, 64.1349603 ], [ -21.9434895, 64.1351642 ], [ -21.9432621, 64.1350957 ], [ -21.9433884, 64.135016 ], [ -21.943501, 64.1349448 ], [ -21.9435542, 64.1349113 ], [ -21.9437016, 64.1348182 ], [ -21.9437564, 64.1347836 ], [ -21.9439067, 64.1346887 ] ] ] } },
{ "type": "Feature", "properties": { "osm_id": 87846678, "osm_class": "building", "osm_value": "yes", "name": "" }, "geometry": { "type": "Polygon", "coordinates": [ [ [ -21.9456593, 64.1340486 ], [ -21.9454465, 64.1341821 ], [ -21.9449758, 64.1340394 ], [ -21.9451886, 64.1339059 ], [ -21.9456593, 64.1340486 ] ] ] } },
{ "type": "Feature", "properties": { "osm_id": 87846681, "osm_class": "building", "osm_value": "yes", "name": "" }, "geometry": { "type": "Polygon", "coordinates": [ [ [ -21.9432006, 64.1329692 ], [ -21.9430276, 64.1330751 ], [ -21.9428522, 64.1330208 ], [ -21.9429364, 64.1329665 ], [ -21.9429207, 64.1329625 ], [ -21.9429995, 64.1329102 ], [ -21.9432006, 64.1329692 ] ] ] } },
{ "type": "Feature", "properties": { "osm_id": 87846695, "osm_class": "building", "osm_value": "yes", "name": "" }, "geometry": { "type": "Polygon", "coordinates": [ [ [ -21.9450025, 64.1336473 ], [ -21.9447323, 64.1338145 ], [ -21.9443403, 64.1336968 ], [ -21.9446066, 64.1335286 ], [ -21.9450025, 64.1336473 ] ] ] } },
{ "type": "Feature", "properties": { "osm_id": 87846698, "osm_class": "building", "osm_value": "hangar", "name": "" }, "geometry": { "type": "Polygon", "coordinates": [ [ [ -21.9449112, 64.1333359 ], [ -21.9448595, 64.1333684 ], [ -21.9448447, 64.1333777 ], [ -21.9447934, 64.1334101 ], [ -21.9447398, 64.1334439 ], [ -21.9450052, 64.1335241 ], [ -21.9449642, 64.1335499 ], [ -21.9450916, 64.1335884 ], [ -21.9451982, 64.1336206 ], [ -21.94524, 64.1335942 ], [ -21.9453658, 64.133515 ], [ -21.9454106, 64.1334868 ], [ -21.9451801, 64.1334172 ], [ -21.9449112, 64.1333359 ] ] ] } },
{ "type": "Feature", "properties": { "osm_id": 87846712, "osm_class": "building", "osm_value": "hangar", "name": "" }, "geometry": { "type": "Polygon", "coordinates": [ [ [ -21.9444079, 64.1340951 ], [ -21.9442052, 64.1340344 ], [ -21.9441943, 64.1340413 ], [ -21.9440917, 64.1341065 ], [ -21.9439512, 64.1341957 ], [ -21.9439008, 64.1342277 ], [ -21.943751, 64.1343229 ], [ -21.943705, 64.1343521 ], [ -21.9436586, 64.1343815 ], [ -21.9438612, 64.1344423 ], [ -21.9440004, 64.1343539 ], [ -21.9441017, 64.1342895 ], [ -21.9441992, 64.1342276 ], [ -21.9442491, 64.1341959 ], [ -21.9443093, 64.1341577 ], [ -21.9443571, 64.1341273 ], [ -21.9444079, 64.1340951 ] ] ] } },
{ "type": "Feature", "properties": { "osm_id": 87846715, "osm_class": "building", "osm_value": "hangar", "name": "" }, "geometry": { "type": "Polygon", "coordinates": [ [ [ -21.9441997, 64.133114 ], [ -21.944683, 64.1332643 ], [ -21.9446478, 64.1332859 ], [ -21.9446204, 64.1333026 ], [ -21.9445618, 64.1333385 ], [ -21.9445095, 64.1333705 ], [ -21.9442509, 64.1332901 ], [ -21.9440261, 64.1332202 ], [ -21.944085, 64.1331842 ], [ -21.9441997, 64.133114 ] ] ] } },
{ "type": "Feature", "properties": { "osm_id": 92912838, "osm_class": "landuse", "osm_value": "grass", "name": "" }, "geometry": { "type": "Polygon", "coordinates": [ [ [ -21.9436244, 64.1437715 ], [ -21.9436335, 64.1437893 ], [ -21.9436221, 64.1437999 ], [ -21.9435897, 64.1438046 ], [ -21.9435519, 64.1437987 ], [ -21.9435349, 64.1437894 ], [ -21.9435324, 64.1437769 ], [ -21.9435411, 64.143763 ], [ -21.9435645, 64.1437571 ], [ -21.9436, 64.1437576 ], [ -21.9436244, 64.1437715 ] ] ] } },
{ "type": "Feature", "properties": { "osm_id": 92987020, "osm_class": "building", "osm_value": "apartments", "name": "" }, "geometry": { "type": "Polygon", "coordinates": [ [ [ -21.951905, 64.1343754 ], [ -21.9517672, 64.1343768 ], [ -21.9517658, 64.1343516 ], [ -21.951626, 64.1343531 ], [ -21.9516202, 64.1342492 ], [ -21.9518977, 64.1342462 ], [ -21.951905, 64.1343754 ] ] ] } },
{ "type": "Feature", "properties": { "osm_id": 92987021, "osm_class": "building", "osm_value": "garages", "name": "" }, "geometry": { "type": "Polygon", "coordinates": [ [ [ -21.9511876, 64.1339737 ], [ -21.9511973, 64.1341257 ], [ -21.9513745, 64.1341236 ], [ -21.9513649, 64.1339715 ], [ -21.9511876, 64.1339737 ] ] ] } },
{ "type": "Feature", "properties": { "osm_id": 92987022, "osm_class": "building", "osm_value": "dormitory", "name": "" }, "geometry": { "type": "Polygon", "coordinates": [ [ [ -21.9522584, 64.1352532 ], [ -21.9523845, 64.1351984 ], [ -21.9524986, 64.1352484 ], [ -21.9525398, 64.1352305 ], [ -21.9525168, 64.1352204 ], [ -21.9525715, 64.1351966 ], [ -21.9525956, 64.1352072 ], [ -21.95264, 64.1351879 ], [ -21.9525255, 64.1351377 ], [ -21.9526394, 64.1350883 ], [ -21.9528223, 64.1351685 ], [ -21.9527127, 64.1352161 ], [ -21.9527452, 64.1352303 ], [ -21.9525942, 64.1352959 ], [ -21.9525632, 64.1352823 ], [ -21.9524435, 64.1353343 ], [ -21.9522584, 64.1352532 ] ] ] } },
{ "type": "Feature", "properties": { "osm_id": 92987025, "osm_class": "building", "osm_value": "garages", "name": "" }, "geometry": { "type": "Polygon", "coordinates": [ [ [ -21.9518827, 64.1341111 ], [ -21.9517041, 64.1341132 ], [ -21.951695, 64.1339643 ], [ -21.9518736, 64.1339623 ], [ -21.9518827, 64.1341111 ] ] ] } },
{ "type": "Feature", "properties": { "osm_id": 92987026, "osm_class": "building", "osm_value": "apartments", "name": "" }, "geometry": { "type": "Polygon", "coordinates": [ [ [ -21.9510917, 64.1339261 ], [ -21.951439, 64.1339212 ], [ -21.9514315, 64.1338197 ], [ -21.9510842, 64.1338246 ], [ -21.9510917, 64.1339261 ] ] ] } },
{ "type": "Feature", "properties": { "osm_id": 92987029, "osm_class": "building", "osm_value": "apartments", "name": "" }, "geometry": { "type": "Polygon", "coordinates": [ [ [ -21.9507493, 64.1340989 ], [ -21.9511075, 64.1340949 ], [ -21.9511007, 64.1339794 ], [ -21.9507425, 64.1339835 ], [ -21.9507493, 64.1340989 ] ] ] } },
{ "type": "Feature", "properties": { "osm_id": 92987030, "osm_class": "building", "osm_value": "apartments", "name": "" }, "geometry": { "type": "Polygon", "coordinates": [ [ [ -21.9525518, 64.1339456 ], [ -21.9525556, 64.1340401 ], [ -21.9522182, 64.1340427 ], [ -21.9522144, 64.1339482 ], [ -21.9525518, 64.1339456 ] ] ] } },
{ "type": "Feature", "properties": { "osm_id": 92987032, "osm_class": "building", "osm_value": "apartments", "name": "" }, "geometry": { "type": "Polygon", "coordinates": [ [ [ -21.9514745, 64.1343575 ], [ -21.9513377, 64.1343587 ], [ -21.9513389, 64.134387 ], [ -21.9511996, 64.1343881 ], [ -21.9511939, 64.13426 ], [ -21.95147, 64.1342576 ], [ -21.9514745, 64.1343575 ] ] ] } },
{ "type": "Feature", "properties": { "osm_id": 92987036, "osm_class": "building", "osm_value": "apartments", "name": "" }, "geometry": { "type": "Polygon", "coordinates": [ [ [ -21.9518767, 64.133915 ], [ -21.9518718, 64.1338114 ], [ -21.9515264, 64.1338145 ], [ -21.9515313, 64.1339181 ], [ -21.9518767, 64.133915 ] ] ] } },
{ "type": "Feature", "properties": { "osm_id": 92987038, "osm_class": "building", "osm_value": "dormitory", "name": "" }, "geometry": { "type": "Polygon", "coordinates": [ [ [ -21.9503874, 64.1346087 ], [ -21.9505697, 64.1346921 ], [ -21.9502066, 64.1348515 ], [ -21.9500218, 64.1347714 ], [ -21.9501304, 64.1347237 ], [ -21.9501001, 64.1347106 ], [ -21.9502523, 64.1346438 ], [ -21.9502801, 64.1346558 ], [ -21.9503874, 64.1346087 ] ] ] } },
{ "type": "Feature", "properties": { "osm_id": 95762871, "osm_class": "building", "osm_value": "yes", "name": "" }, "geometry": { "type": "Polygon", "coordinates": [ [ [ -21.945924, 64.1353697 ], [ -21.9463411, 64.1351878 ], [ -21.9470277, 64.1354873 ], [ -21.9462043, 64.1358465 ], [ -21.9459607, 64.1357391 ], [ -21.9459478, 64.1357431 ], [ -21.9461265, 64.1358504 ], [ -21.9459237, 64.1359252 ], [ -21.9457145, 64.1358356 ], [ -21.9456717, 64.1358487 ], [ -21.9456345, 64.13586 ], [ -21.9458382, 64.135987 ], [ -21.9455319, 64.1360805 ], [ -21.9450719, 64.1357938 ], [ -21.9453782, 64.1357003 ], [ -21.9453995, 64.1357136 ], [ -21.9454744, 64.1356907 ], [ -21.9454209, 64.1356448 ], [ -21.9455336, 64.1356036 ], [ -21.9456381, 64.1356408 ], [ -21.9456494, 64.1356373 ], [ -21.9454513, 64.1355121 ], [ -21.945924, 64.1353697 ] ] ] } },
{ "type": "Feature", "properties": { "osm_id": 98046262, "osm_class": "building", "osm_value": "yes", "name": "" }, "geometry": { "type": "Polygon", "coordinates": [ [ [ -21.9541734, 64.1421875 ], [ -21.9539484, 64.1420666 ], [ -21.9538668, 64.1420955 ], [ -21.9538493, 64.1421017 ], [ -21.953867, 64.1421112 ], [ -21.9537973, 64.1421359 ], [ -21.953876, 64.1421781 ], [ -21.9538676, 64.1421811 ], [ -21.9539044, 64.1422009 ], [ -21.9539141, 64.1421974 ], [ -21.954006, 64.1422468 ], [ -21.9541734, 64.1421875 ] ] ] } },
{ "type": "Feature", "properties": { "osm_id": 98046264, "osm_class": "building", "osm_value": "yes", "name": "" }, "geometry": { "type": "Polygon", "coordinates": [ [ [ -21.9534507, 64.1426309 ], [ -21.9532455, 64.1425213 ], [ -21.9530693, 64.142584 ], [ -21.9532744, 64.1426936 ], [ -21.9534507, 64.1426309 ] ] ] } },
{ "type": "Feature", "properties": { "osm_id": 98046268, "osm_class": "building", "osm_value": "yes", "name": "" }, "geometry": { "type": "Polygon", "coordinates": [ [ [ -21.9525983, 64.1431652 ], [ -21.9524946, 64.1431091 ], [ -21.9524839, 64.1431128 ], [ -21.9524504, 64.1430946 ], [ -21.9524596, 64.1430914 ], [ -21.9523527, 64.1430335 ], [ -21.9524222, 64.1430091 ], [ -21.952445, 64.1430215 ], [ -21.9525261, 64.142993 ], [ -21.9525338, 64.1429972 ], [ -21.9525822, 64.1430233 ], [ -21.9526034, 64.1430209 ], [ -21.9526314, 64.14305 ], [ -21.9526796, 64.1430761 ], [ -21.9527051, 64.1430746 ], [ -21.9527269, 64.1431017 ], [ -21.9526463, 64.14313 ], [ -21.9526668, 64.1431411 ], [ -21.9525983, 64.1431652 ] ] ] } },
{ "type": "Feature", "properties": { "osm_id": 98046269, "osm_class": "building", "osm_value": "apartments", "name": "" }, "geometry": { "type": "Polygon", "coordinates": [ [ [ -21.9512063, 64.1441136 ], [ -21.9509835, 64.1439996 ], [ -21.9509464, 64.1439806 ], [ -21.950979, 64.1439685 ], [ -21.9510249, 64.1439514 ], [ -21.951048, 64.1439632 ], [ -21.9511285, 64.1439333 ], [ -21.9513416, 64.1440425 ], [ -21.9512629, 64.1440717 ], [ -21.9512865, 64.1440838 ], [ -21.9512063, 64.1441136 ] ] ] } },
{ "type": "Feature", "properties": { "osm_id": 98046271, "osm_class": "building", "osm_value": "apartments", "name": "" }, "geometry": { "type": "Polygon", "coordinates": [ [ [ -21.9521963, 64.1436492 ], [ -21.9522385, 64.1436717 ], [ -21.9522533, 64.1436664 ], [ -21.9523699, 64.1437286 ], [ -21.9523547, 64.143734 ], [ -21.952402, 64.1437592 ], [ -21.9522446, 64.1438153 ], [ -21.952159, 64.1437696 ], [ -21.9521475, 64.1437737 ], [ -21.9521094, 64.1437534 ], [ -21.9521214, 64.1437491 ], [ -21.9520391, 64.1437052 ], [ -21.9521963, 64.1436492 ] ] ] } },
{ "type": "Feature", "properties": { "osm_id": 98046275, "osm_class": "building", "osm_value": "yes", "name": "" }, "geometry": { "type": "Polygon", "coordinates": [ [ [ -21.9526912, 64.1421666 ], [ -21.9528146, 64.1420555 ], [ -21.9529478, 64.1420836 ], [ -21.9528244, 64.1421947 ], [ -21.9526912, 64.1421666 ] ] ] } },
{ "type": "Feature", "properties": { "osm_id": 102370713, "osm_class": "building", "osm_value": "detached", "name": "" }, "geometry": { "type": "Polygon", "coordinates": [ [ [ -21.9457342, 64.1444006 ], [ -21.9458295, 64.1443079 ], [ -21.9456, 64.144263 ], [ -21.9455468, 64.1443148 ], [ -21.9455693, 64.1443192 ], [ -21.9455273, 64.1443601 ], [ -21.9457342, 64.1444006 ] ] ] } },
{ "type": "Feature", "properties": { "osm_id": 102370716, "osm_class": "building", "osm_value": "yes", "name": "" }, "geometry": { "type": "Polygon", "coordinates": [ [ [ -21.946376, 64.143637 ], [ -21.9464062, 64.1435945 ], [ -21.9462025, 64.143567 ], [ -21.9461724, 64.1436095 ], [ -21.946376, 64.143637 ] ] ] } },
{ "type": "Feature", "properties": { "osm_id": 102370718, "osm_class": "building", "osm_value": "detached", "name": "" }, "geometry": { "type": "Polygon", "coordinates": [ [ [ -21.9457554, 64.1436589 ], [ -21.9458219, 64.143569 ], [ -21.9457669, 64.1435613 ], [ -21.9457834, 64.143539 ], [ -21.9456939, 64.1435264 ], [ -21.9456774, 64.1435486 ], [ -21.9456125, 64.1435395 ], [ -21.9455459, 64.1436294 ], [ -21.9457554, 64.1436589 ] ] ] } },
{ "type": "Feature", "properties": { "osm_id": 102370719, "osm_class": "building", "osm_value": "house", "name": "" }, "geometry": { "type": "Polygon", "coordinates": [ [ [ -21.947171, 64.1435167 ], [ -21.947263, 64.1434409 ], [ -21.9470862, 64.1434001 ], [ -21.9469942, 64.1434758 ], [ -21.947171, 64.1435167 ] ] ] } },
{ "type": "Feature", "properties": { "osm_id": 102370725, "osm_class": "building", "osm_value": "detached", "name": "Ráðherrabústaðurinn" }, "geometry": { "type": "Polygon", "coordinates": [ [ [ -21.9460987, 64.1441928 ], [ -21.9461407, 64.1441317 ], [ -21.9459967, 64.1441128 ], [ -21.946052, 64.1440326 ], [ -21.9458276, 64.1440032 ], [ -21.9457303, 64.1441446 ], [ -21.9460987, 64.1441928 ] ] ] } },
{ "type": "Feature", "properties": { "osm_id": 102370729, "osm_class": "building", "osm_value": "house", "name": "" }, "geometry": { "type": "Polygon", "coordinates": [ [ [ -21.9466067, 64.1439892 ], [ -21.9466857, 64.1439178 ], [ -21.9465201, 64.143883 ], [ -21.9464412, 64.1439543 ], [ -21.9466067, 64.1439892 ] ] ] } },
{ "type": "Feature", "properties": { "osm_id": 102370730, "osm_class": "building", "osm_value": "detached", "name": "Tjarnarborg" }, "geometry": { "type": "Polygon", "coordinates": [ [ [ -21.94559, 64.1438691 ], [ -21.9456685, 64.1437624 ], [ -21.9454719, 64.1437349 ], [ -21.9453934, 64.1438416 ], [ -21.94559, 64.1438691 ] ] ] } },
{ "type": "Feature", "properties": { "osm_id": 102370732, "osm_class": "building", "osm_value": "detached", "name": "" }, "geometry": { "type": "Polygon", "coordinates": [ [ [ -21.9458283, 64.1434605 ], [ -21.9459049, 64.1433582 ], [ -21.9456916, 64.1433278 ], [ -21.9456151, 64.1434301 ], [ -21.9458283, 64.1434605 ] ] ] } },
{ "type": "Feature", "properties": { "osm_id": 102370736, "osm_class": "building", "osm_value": "detached", "name": "" }, "geometry": { "type": "Polygon", "coordinates": [ [ [ -21.9465036, 64.1434319 ], [ -21.9465158, 64.1434156 ], [ -21.9465982, 64.1434274 ], [ -21.946641, 64.1433705 ], [ -21.9465586, 64.1433587 ], [ -21.9465689, 64.143345 ], [ -21.9463571, 64.1433147 ], [ -21.9462918, 64.1434016 ], [ -21.9465036, 64.1434319 ] ] ] } },
{ "type": "Feature", "properties": { "osm_id": 102370738, "osm_class": "building", "osm_value": "detached", "name": "" }, "geometry": { "type": "Polygon", "coordinates": [ [ [ -21.9461272, 64.1438888 ], [ -21.9461513, 64.1438565 ], [ -21.9461829, 64.143861 ], [ -21.9461993, 64.143839 ], [ -21.9461672, 64.1438344 ], [ -21.9461808, 64.1438163 ], [ -21.9459961, 64.14379 ], [ -21.9459421, 64.1438623 ], [ -21.9460027, 64.1438709 ], [ -21.9459915, 64.1438859 ], [ -21.9460943, 64.1439005 ], [ -21.9461053, 64.1438857 ], [ -21.9461272, 64.1438888 ] ] ] } },
{ "type": "Feature", "properties": { "osm_id": 102370739, "osm_class": "building", "osm_value": "detached", "name": "" }, "geometry": { "type": "Polygon", "coordinates": [ [ [ -21.9463664, 64.1435617 ], [ -21.9464274, 64.1434773 ], [ -21.9462486, 64.1434527 ], [ -21.9461876, 64.1435372 ], [ -21.9463664, 64.1435617 ] ] ] } },
{ "type": "Feature", "properties": { "osm_id": 102370741, "osm_class": "building", "osm_value": "house", "name": "" }, "geometry": { "type": "Polygon", "coordinates": [ [ [ -21.9467647, 64.143852 ], [ -21.9468483, 64.1437815 ], [ -21.9466926, 64.1437464 ], [ -21.9466404, 64.1437905 ], [ -21.9465971, 64.1437807 ], [ -21.9465658, 64.1438071 ], [ -21.9467647, 64.143852 ] ] ] } },
{ "type": "Feature", "properties": { "osm_id": 102370744, "osm_class": "building", "osm_value": "detached", "name": "" }, "geometry": { "type": "Polygon", "coordinates": [ [ [ -21.946228, 64.1437589 ], [ -21.9462935, 64.1436732 ], [ -21.9461059, 64.1436459 ], [ -21.9460404, 64.1437316 ], [ -21.946228, 64.1437589 ] ] ] } },
{ "type": "Feature", "properties": { "osm_id": 102370747, "osm_class": "building", "osm_value": "house", "name": "" }, "geometry": { "type": "Polygon", "coordinates": [ [ [ -21.9469687, 64.1436743 ], [ -21.9470671, 64.1435884 ], [ -21.9469099, 64.1435542 ], [ -21.9468115, 64.14364 ], [ -21.9469687, 64.1436743 ] ] ] } },
{ "type": "Feature", "properties": { "osm_id": 102411331, "osm_class": "building", "osm_value": "yes", "name": "" }, "geometry": { "type": "Polygon", "coordinates": [ [ [ -21.9467287, 64.1431721 ], [ -21.9467662, 64.1431194 ], [ -21.9467394, 64.1431153 ], [ -21.9467649, 64.1430837 ], [ -21.9465181, 64.1430504 ], [ -21.9464591, 64.1431335 ], [ -21.9465333, 64.1431452 ], [ -21.9465289, 64.1431522 ], [ -21.9466791, 64.1431732 ], [ -21.9466858, 64.1431656 ], [ -21.9467287, 64.1431721 ] ] ] } },
{ "type": "Feature", "properties": { "osm_id": 102411332, "osm_class": "building", "osm_value": "yes", "name": "" }, "geometry": { "type": "Polygon", "coordinates": [ [ [ -21.9473846, 64.143017 ], [ -21.9474238, 64.1429555 ], [ -21.9474626, 64.1429602 ], [ -21.9474837, 64.1429271 ], [ -21.9474449, 64.1429224 ], [ -21.9474656, 64.14289 ], [ -21.9474018, 64.1428823 ], [ -21.9474151, 64.1428614 ], [ -21.9473371, 64.1428519 ], [ -21.9473238, 64.1428728 ], [ -21.9472364, 64.1428622 ], [ -21.9471555, 64.1429892 ], [ -21.9472469, 64.1430003 ], [ -21.9472359, 64.1430176 ], [ -21.9473073, 64.1430262 ], [ -21.9473183, 64.143009 ], [ -21.9473846, 64.143017 ] ] ] } },
{ "type": "Feature", "properties": { "osm_id": 102411333, "osm_class": "building", "osm_value": "yes", "name": "" }, "geometry": { "type": "Polygon", "coordinates": [ [ [ -21.9469658, 64.1427893 ], [ -21.9470303, 64.1427036 ], [ -21.9467978, 64.1426703 ], [ -21.9467333, 64.1427561 ], [ -21.9469658, 64.1427893 ] ] ] } },
{ "type": "Feature", "properties": { "osm_id": 102411334, "osm_class": "building", "osm_value": "yes", "name": "" }, "geometry": { "type": "Polygon", "coordinates": [ [ [ -21.9470304, 64.1423825 ], [ -21.9471418, 64.1424406 ], [ -21.9470064, 64.1424906 ], [ -21.9469903, 64.1424838 ], [ -21.9469721, 64.1425149 ], [ -21.9468836, 64.1425029 ], [ -21.9469634, 64.1423921 ], [ -21.9469862, 64.1423813 ], [ -21.9470063, 64.1423787 ], [ -21.9470304, 64.1423825 ] ] ] } },
{ "type": "Feature", "properties": { "osm_id": 102411335, "osm_class": "building", "osm_value": "apartments", "name": "" }, "geometry": { "type": "Polygon", "coordinates": [ [ [ -21.9468145, 64.1429791 ], [ -21.9468682, 64.1429083 ], [ -21.9468467, 64.1429048 ], [ -21.9468829, 64.1428533 ], [ -21.9467595, 64.1428352 ], [ -21.9467233, 64.1428416 ], [ -21.9466764, 64.1428358 ], [ -21.9465905, 64.1429492 ], [ -21.946667, 64.1429598 ], [ -21.9466576, 64.142975 ], [ -21.9467475, 64.1429878 ], [ -21.9467595, 64.1429726 ], [ -21.9468145, 64.1429791 ] ] ] } },
{ "type": "Feature", "properties": { "osm_id": 102411336, "osm_class": "building", "osm_value": "yes", "name": "" }, "geometry": { "type": "Polygon", "coordinates": [ [ [ -21.9474261, 64.1432235 ], [ -21.9474582, 64.1431791 ], [ -21.9474328, 64.143175 ], [ -21.9474582, 64.1431393 ], [ -21.9473067, 64.1431183 ], [ -21.9473174, 64.1431048 ], [ -21.9472061, 64.1430908 ], [ -21.9471283, 64.1431943 ], [ -21.9472759, 64.1432142 ], [ -21.9473013, 64.143206 ], [ -21.9474261, 64.1432235 ] ] ] } },
{ "type": "Feature", "properties": { "osm_id": 102411337, "osm_class": "building", "osm_value": "yes", "name": "" }, "geometry": { "type": "Polygon", "coordinates": [ [ [ -21.9471664, 64.1425727 ], [ -21.9473014, 64.1425228 ], [ -21.9472778, 64.1425106 ], [ -21.9471418, 64.1424406 ], [ -21.9470064, 64.1424906 ], [ -21.9470728, 64.1425248 ], [ -21.9470384, 64.1425375 ], [ -21.9470874, 64.1425627 ], [ -21.9471222, 64.1425499 ], [ -21.9471664, 64.1425727 ] ] ] } },
{ "type": "Feature", "properties": { "osm_id": 102411338, "osm_class": "building", "osm_value": "yes", "name": "" }, "geometry": { "type": "Polygon", "coordinates": [ [ [ -21.9474932, 64.1426225 ], [ -21.9473398, 64.1425408 ], [ -21.9471949, 64.1425925 ], [ -21.9473483, 64.1426743 ], [ -21.9474932, 64.1426225 ] ] ] } },
{ "type": "Feature", "properties": { "osm_id": 102411512, "osm_class": "building", "osm_value": "yes", "name": "" }, "geometry": { "type": "Polygon", "coordinates": [ [ [ -21.9457431, 64.1421683 ], [ -21.9457719, 64.1420849 ], [ -21.9456077, 64.1420741 ], [ -21.9455788, 64.1421575 ], [ -21.9457431, 64.1421683 ] ] ] } },
{ "type": "Feature", "properties": { "osm_id": 102411513, "osm_class": "building", "osm_value": "yes", "name": "" }, "geometry": { "type": "Polygon", "coordinates": [ [ [ -21.9458034, 64.1420382 ], [ -21.9458362, 64.1419543 ], [ -21.9456438, 64.1419399 ], [ -21.9456109, 64.1420239 ], [ -21.9458034, 64.1420382 ] ] ] } },
{ "type": "Feature", "properties": { "osm_id": 102411515, "osm_class": "building", "osm_value": "yes", "name": "" }, "geometry": { "type": "Polygon", "coordinates": [ [ [ -21.9464989, 64.1425843 ], [ -21.9465633, 64.1424945 ], [ -21.9464603, 64.1424805 ], [ -21.9464655, 64.1424732 ], [ -21.9463539, 64.1424579 ], [ -21.9463206, 64.1425043 ], [ -21.946288, 64.1424999 ], [ -21.9462517, 64.1425506 ], [ -21.9464989, 64.1425843 ] ] ] } },
{ "type": "Feature", "properties": { "osm_id": 102411518, "osm_class": "building", "osm_value": "yes", "name": "" }, "geometry": { "type": "Polygon", "coordinates": [ [ [ -21.9456585, 64.143096 ], [ -21.9456706, 64.1430639 ], [ -21.9455861, 64.1430569 ], [ -21.9455981, 64.1430171 ], [ -21.9455579, 64.1430142 ], [ -21.9455673, 64.1429872 ], [ -21.945409, 64.1429744 ], [ -21.9453983, 64.1430007 ], [ -21.9453849, 64.1429995 ], [ -21.9453715, 64.1430469 ], [ -21.9453849, 64.1430481 ], [ -21.9453782, 64.1430756 ], [ -21.9456585, 64.143096 ] ] ] } },
{ "type": "Feature", "properties": { "osm_id": 102411519, "osm_class": "building", "osm_value": "apartments", "name": "" }, "geometry": { "type": "Polygon", "coordinates": [ [ [ -21.9463659, 64.1427544 ], [ -21.9464369, 64.1426593 ], [ -21.9462514, 64.1426329 ], [ -21.9461804, 64.1427281 ], [ -21.9463659, 64.1427544 ] ] ] } },
{ "type": "Feature", "properties": { "osm_id": 102411520, "osm_class": "building", "osm_value": "yes", "name": "" }, "geometry": { "type": "Polygon", "coordinates": [ [ [ -21.9460834, 64.1431275 ], [ -21.9461654, 64.1430212 ], [ -21.9458534, 64.1429754 ], [ -21.945798, 64.1430472 ], [ -21.945883, 64.1430597 ], [ -21.9458564, 64.1430941 ], [ -21.9460834, 64.1431275 ] ] ] } },
{ "type": "Feature", "properties": { "osm_id": 102411521, "osm_class": "building", "osm_value": "yes", "name": "" }, "geometry": { "type": "Polygon", "coordinates": [ [ [ -21.9454439, 64.1428976 ], [ -21.9454917, 64.142772 ], [ -21.9453426, 64.1427612 ], [ -21.9452948, 64.1428869 ], [ -21.9454439, 64.1428976 ] ] ] } },
{ "type": "Feature", "properties": { "osm_id": 102411522, "osm_class": "building", "osm_value": "yes", "name": "" }, "geometry": { "type": "Polygon", "coordinates": [ [ [ -21.9457389, 64.1424944 ], [ -21.9457733, 64.1424124 ], [ -21.9455943, 64.1423981 ], [ -21.9455897, 64.1424091 ], [ -21.945463, 64.142399 ], [ -21.9454379, 64.1424587 ], [ -21.9454641, 64.1424608 ], [ -21.9454491, 64.1424966 ], [ -21.9456513, 64.1425128 ], [ -21.9456616, 64.1424882 ], [ -21.9457389, 64.1424944 ] ] ] } },
{ "type": "Feature", "properties": { "osm_id": 102411523, "osm_class": "building", "osm_value": "yes", "name": "" }, "geometry": { "type": "Polygon", "coordinates": [ [ [ -21.9456903, 64.1423191 ], [ -21.9457263, 64.1422306 ], [ -21.9455397, 64.1422161 ], [ -21.9455037, 64.1423047 ], [ -21.9456903, 64.1423191 ] ] ] } },
{ "type": "Feature", "properties": { "osm_id": 102411524, "osm_class": "building", "osm_value": "detached", "name": "" }, "geometry": { "type": "Polygon", "coordinates": [ [ [ -21.9462156, 64.1429473 ], [ -21.946293, 64.1428399 ], [ -21.9460915, 64.1428123 ], [ -21.946014, 64.1429197 ], [ -21.9462156, 64.1429473 ] ] ] } },
{ "type": "Feature", "properties": { "osm_id": 102411525, "osm_class": "building", "osm_value": "yes", "name": "" }, "geometry": { "type": "Polygon", "coordinates": [ [ [ -21.9462459, 64.1419578 ], [ -21.9461279, 64.1418935 ], [ -21.946089, 64.1418923 ], [ -21.9459656, 64.1419409 ], [ -21.9460072, 64.1419637 ], [ -21.945983, 64.1419719 ], [ -21.9460716, 64.1420198 ], [ -21.9462459, 64.1419578 ] ] ] } },
{ "type": "Feature", "properties": { "osm_id": 102411526, "osm_class": "building", "osm_value": "yes", "name": "" }, "geometry": { "type": "Polygon", "coordinates": [ [ [ -21.94661, 64.1424268 ], [ -21.9466712, 64.142345 ], [ -21.9464746, 64.142317 ], [ -21.9464134, 64.1423989 ], [ -21.94661, 64.1424268 ] ] ] } },
{ "type": "Feature", "properties": { "osm_id": 102411527, "osm_class": "building", "osm_value": "yes", "name": "" }, "geometry": { "type": "Polygon", "coordinates": [ [ [ -21.9464525, 64.1420668 ], [ -21.9462848, 64.1421274 ], [ -21.9461581, 64.1420607 ], [ -21.9463258, 64.1420001 ], [ -21.9464525, 64.1420668 ] ] ] } },
{ "type": "Feature", "properties": { "osm_id": 102411528, "osm_class": "building", "osm_value": "yes", "name": "" }, "geometry": { "type": "Polygon", "coordinates": [ [ [ -21.945953, 64.1418823 ], [ -21.9458946, 64.1417886 ], [ -21.9456896, 64.1418129 ], [ -21.9457481, 64.1419066 ], [ -21.945953, 64.1418823 ] ] ] } },
{ "type": "Feature", "properties": { "osm_id": 102411529, "osm_class": "building", "osm_value": "yes", "name": "" }, "geometry": { "type": "Polygon", "coordinates": [ [ [ -21.9467203, 64.1422062 ], [ -21.9465919, 64.1421402 ], [ -21.9463817, 64.1422179 ], [ -21.9464592, 64.1422577 ], [ -21.9465298, 64.1422316 ], [ -21.9465807, 64.1422578 ], [ -21.9466207, 64.142243 ], [ -21.9466517, 64.142259 ], [ -21.9467101, 64.1422374 ], [ -21.9466791, 64.1422214 ], [ -21.9467203, 64.1422062 ] ] ] } },
{ "type": "Feature", "properties": { "osm_id": 102411530, "osm_class": "building", "osm_value": "yes", "name": "" }, "geometry": { "type": "Polygon", "coordinates": [ [ [ -21.9455871, 64.1426949 ], [ -21.9456268, 64.1425933 ], [ -21.9453845, 64.1425752 ], [ -21.9453447, 64.1426769 ], [ -21.9455871, 64.1426949 ] ] ] } },
{ "type": "Feature", "properties": { "osm_id": 103231571, "osm_class": "building", "osm_value": "apartments", "name": "" }, "geometry": { "type": "Polygon", "coordinates": [ [ [ -21.9502942, 64.1444057 ], [ -21.9504421, 64.1444415 ], [ -21.9505275, 64.1443688 ], [ -21.9505415, 64.1443676 ], [ -21.9505867, 64.1443946 ], [ -21.9505095, 64.1444226 ], [ -21.9505473, 64.1444448 ], [ -21.9506124, 64.1444223 ], [ -21.9506236, 64.1444162 ], [ -21.9507736, 64.1443619 ], [ -21.9506166, 64.1442863 ], [ -21.9504046, 64.1442993 ], [ -21.9502942, 64.1444057 ] ] ] } },
{ "type": "Feature", "properties": { "osm_id": 105908732, "osm_class": "building", "osm_value": "garage", "name": "" }, "geometry": { "type": "Polygon", "coordinates": [ [ [ -21.9492155, 64.1334499 ], [ -21.9490759, 64.133423 ], [ -21.949112, 64.1333874 ], [ -21.9492516, 64.1334143 ], [ -21.9492155, 64.1334499 ] ] ] } },
{ "type": "Feature", "properties": { "osm_id": 105908734, "osm_class": "building", "osm_value": "detached", "name": "" }, "geometry": { "type": "Polygon", "coordinates": [ [ [ -21.9498458, 64.1337553 ], [ -21.9497379, 64.1337336 ], [ -21.9498332, 64.1336434 ], [ -21.9499415, 64.1336652 ], [ -21.9499205, 64.1336852 ], [ -21.9499683, 64.1336948 ], [ -21.9499075, 64.1337523 ], [ -21.9498592, 64.1337426 ], [ -21.9498458, 64.1337553 ] ] ] } },
{ "type": "Feature", "properties": { "osm_id": 105908738, "osm_class": "building", "osm_value": "garages", "name": "" }, "geometry": { "type": "Polygon", "coordinates": [ [ [ -21.9509864, 64.1335127 ], [ -21.9510265, 64.1334712 ], [ -21.9510648, 64.1334316 ], [ -21.9511519, 64.1334476 ], [ -21.9511753, 64.1334235 ], [ -21.9510977, 64.1334092 ], [ -21.9511463, 64.133359 ], [ -21.951049, 64.1333411 ], [ -21.9508986, 64.1334966 ], [ -21.9509864, 64.1335127 ] ] ] } },
{ "type": "Feature", "properties": { "osm_id": 105908740, "osm_class": "building", "osm_value": "apartments", "name": "" }, "geometry": { "type": "Polygon", "coordinates": [ [ [ -21.9523641, 64.1332573 ], [ -21.9523623, 64.1332344 ], [ -21.9525149, 64.1332321 ], [ -21.9525182, 64.1332758 ], [ -21.9524097, 64.1332773 ], [ -21.9524163, 64.1333635 ], [ -21.9521536, 64.1333674 ], [ -21.9521454, 64.1332605 ], [ -21.9523641, 64.1332573 ] ] ] } },
{ "type": "Feature", "properties": { "osm_id": 105908742, "osm_class": "building", "osm_value": "apartments", "name": "" }, "geometry": { "type": "Polygon", "coordinates": [ [ [ -21.9539912, 64.133281 ], [ -21.9540034, 64.1332584 ], [ -21.953973, 64.1332552 ], [ -21.9540095, 64.1331874 ], [ -21.9538411, 64.1331702 ], [ -21.9537925, 64.1332607 ], [ -21.9539912, 64.133281 ] ] ] } },
{ "type": "Feature", "properties": { "osm_id": 105908746, "osm_class": "building", "osm_value": "detached", "name": "" }, "geometry": { "type": "Polygon", "coordinates": [ [ [ -21.9533594, 64.1342712 ], [ -21.9535488, 64.1342684 ], [ -21.9535451, 64.134222 ], [ -21.9536259, 64.1342207 ], [ -21.9536211, 64.1341601 ], [ -21.9533509, 64.1341642 ], [ -21.9533594, 64.1342712 ] ] ] } },
{ "type": "Feature", "properties": { "osm_id": 105908748, "osm_class": "building", "osm_value": "detached", "name": "" }, "geometry": { "type": "Polygon", "coordinates": [ [ [ -21.9531804, 64.1343119 ], [ -21.9528568, 64.1343144 ], [ -21.952853, 64.1342206 ], [ -21.9529856, 64.1342196 ], [ -21.9529872, 64.1342586 ], [ -21.9530987, 64.1342577 ], [ -21.9530993, 64.1342713 ], [ -21.9531788, 64.1342707 ], [ -21.9531804, 64.1343119 ] ] ] } },
{ "type": "Feature", "properties": { "osm_id": 105908750, "osm_class": "building", "osm_value": "garage", "name": "" }, "geometry": { "type": "Polygon", "coordinates": [ [ [ -21.9505111, 64.1333152 ], [ -21.9503893, 64.1332919 ], [ -21.9504655, 64.133216 ], [ -21.9505275, 64.1332279 ], [ -21.9504863, 64.1332689 ], [ -21.9505461, 64.1332803 ], [ -21.9505111, 64.1333152 ] ] ] } },
{ "type": "Feature", "properties": { "osm_id": 105908752, "osm_class": "building", "osm_value": "apartments", "name": "" }, "geometry": { "type": "Polygon", "coordinates": [ [ [ -21.9507488, 64.1329115 ], [ -21.9509301, 64.1329471 ], [ -21.9510007, 64.1328785 ], [ -21.9508194, 64.132843 ], [ -21.9507488, 64.1329115 ] ] ] } },
{ "type": "Feature", "properties": { "osm_id": 105908755, "osm_class": "building", "osm_value": "detached", "name": "" }, "geometry": { "type": "Polygon", "coordinates": [ [ [ -21.9503369, 64.1338475 ], [ -21.9503627, 64.1338239 ], [ -21.9504057, 64.1338328 ], [ -21.950471, 64.133773 ], [ -21.9503166, 64.1337409 ], [ -21.9502485, 64.1338033 ], [ -21.950289, 64.1338117 ], [ -21.950266, 64.1338327 ], [ -21.9503369, 64.1338475 ] ] ] } },
{ "type": "Feature", "properties": { "osm_id": 105908757, "osm_class": "building", "osm_value": "garage", "name": "" }, "geometry": { "type": "Polygon", "coordinates": [ [ [ -21.9489707, 64.1337489 ], [ -21.9489014, 64.1338153 ], [ -21.9488223, 64.1337996 ], [ -21.9488915, 64.1337332 ], [ -21.9489707, 64.1337489 ] ] ] } },
{ "type": "Feature", "properties": { "osm_id": 105908758, "osm_class": "building", "osm_value": "garage", "name": "" }, "geometry": { "type": "Polygon", "coordinates": [ [ [ -21.9527178, 64.1336271 ], [ -21.9525607, 64.1336299 ], [ -21.9525548, 64.1335679 ], [ -21.9527121, 64.1335651 ], [ -21.9527178, 64.1336271 ] ] ] } },
{ "type": "Feature", "properties": { "osm_id": 105908761, "osm_class": "building", "osm_value": "detached", "name": "" }, "geometry": { "type": "Polygon", "coordinates": [ [ [ -21.9502765, 64.1339654 ], [ -21.9501473, 64.1340177 ], [ -21.9500388, 64.1339668 ], [ -21.950168, 64.1339145 ], [ -21.9502765, 64.1339654 ] ] ] } },
{ "type": "Feature", "properties": { "osm_id": 105908763, "osm_class": "building", "osm_value": "garage", "name": "" }, "geometry": { "type": "Polygon", "coordinates": [ [ [ -21.9502034, 64.1330213 ], [ -21.9500666, 64.1329939 ], [ -21.9501172, 64.1329457 ], [ -21.950254, 64.1329731 ], [ -21.9502034, 64.1330213 ] ] ] } },
{ "type": "Feature", "properties": { "osm_id": 105908765, "osm_class": "building", "osm_value": "apartments", "name": "" }, "geometry": { "type": "Polygon", "coordinates": [ [ [ -21.9497624, 64.1329897 ], [ -21.949941, 64.1330269 ], [ -21.9498125, 64.1331441 ], [ -21.949634, 64.1331069 ], [ -21.9497624, 64.1329897 ] ] ] } },
{ "type": "Feature", "properties": { "osm_id": 105908766, "osm_class": "building", "osm_value": "detached", "name": "" }, "geometry": { "type": "Polygon", "coordinates": [ [ [ -21.9486233, 64.1343411 ], [ -21.9484329, 64.134305 ], [ -21.948357, 64.1343813 ], [ -21.948385, 64.1343866 ], [ -21.948324, 64.1344479 ], [ -21.9484865, 64.1344787 ], [ -21.9486233, 64.1343411 ] ] ] } },
{ "type": "Feature", "properties": { "osm_id": 105908768, "osm_class": "building", "osm_value": "detached", "name": "" }, "geometry": { "type": "Polygon", "coordinates": [ [ [ -21.9526028, 64.1344129 ], [ -21.9524197, 64.1344159 ], [ -21.9524211, 64.1344327 ], [ -21.9522953, 64.1344347 ], [ -21.952291, 64.1343843 ], [ -21.9524083, 64.1343824 ], [ -21.9524058, 64.1343533 ], [ -21.9525974, 64.1343502 ], [ -21.9526028, 64.1344129 ] ] ] } },
{ "type": "Feature", "properties": { "osm_id": 105908772, "osm_class": "building", "osm_value": "detached", "name": "" }, "geometry": { "type": "Polygon", "coordinates": [ [ [ -21.9507333, 64.1336435 ], [ -21.950752, 64.1336255 ], [ -21.9507881, 64.1336326 ], [ -21.9508532, 64.1335698 ], [ -21.9506796, 64.1335356 ], [ -21.9506156, 64.1335973 ], [ -21.9506591, 64.1336059 ], [ -21.9506393, 64.133625 ], [ -21.9507333, 64.1336435 ] ] ] } },
{ "type": "Feature", "properties": { "osm_id": 105908774, "osm_class": "building", "osm_value": "garage", "name": "" }, "geometry": { "type": "Polygon", "coordinates": [ [ [ -21.9499241, 64.1329666 ], [ -21.9499755, 64.1329172 ], [ -21.9498459, 64.1328916 ], [ -21.9497946, 64.132941 ], [ -21.9499241, 64.1329666 ] ] ] } },
{ "type": "Feature", "properties": { "osm_id": 105908778, "osm_class": "building", "osm_value": "detached", "name": "" }, "geometry": { "type": "Polygon", "coordinates": [ [ [ -21.9531487, 64.1329739 ], [ -21.9531004, 64.1330277 ], [ -21.9529073, 64.1330055 ], [ -21.9528268, 64.1331014 ], [ -21.9529207, 64.1331155 ], [ -21.9529395, 64.1331003 ], [ -21.9530923, 64.1331202 ], [ -21.9530655, 64.1331798 ], [ -21.9529717, 64.1331693 ], [ -21.9529421, 64.1332021 ], [ -21.9528, 64.133188 ], [ -21.9528054, 64.1331716 ], [ -21.9526954, 64.1331611 ], [ -21.9526793, 64.1331014 ], [ -21.9528565, 64.1329748 ], [ -21.9529019, 64.1329423 ], [ -21.9531487, 64.1329739 ] ] ] } },
{ "type": "Feature", "properties": { "osm_id": 105908783, "osm_class": "building", "osm_value": "detached", "name": "" }, "geometry": { "type": "Polygon", "coordinates": [ [ [ -21.9534506, 64.1344797 ], [ -21.9531749, 64.1344824 ], [ -21.9531707, 64.1344027 ], [ -21.9534096, 64.1344003 ], [ -21.9534108, 64.1344233 ], [ -21.9534476, 64.134423 ], [ -21.9534506, 64.1344797 ] ] ] } },
{ "type": "Feature", "properties": { "osm_id": 105908784, "osm_class": "building", "osm_value": "detached", "name": "" }, "geometry": { "type": "Polygon", "coordinates": [ [ [ -21.9530036, 64.1338941 ], [ -21.9528091, 64.1338953 ], [ -21.9528067, 64.1338198 ], [ -21.9530011, 64.1338186 ], [ -21.9530036, 64.1338941 ] ] ] } },
{ "type": "Feature", "properties": { "osm_id": 105908786, "osm_class": "building", "osm_value": "shed", "name": "" }, "geometry": { "type": "Polygon", "coordinates": [ [ [ -21.9543926, 64.1332128 ], [ -21.9542775, 64.1332 ], [ -21.9542182, 64.133302 ], [ -21.9543332, 64.1333147 ], [ -21.9543926, 64.1332128 ] ] ] } },
{ "type": "Feature", "properties": { "osm_id": 105908790, "osm_class": "building", "osm_value": "apartments", "name": "" }, "geometry": { "type": "Polygon", "coordinates": [ [ [ -21.9495771, 64.1330482 ], [ -21.9493931, 64.1330121 ], [ -21.9494668, 64.1329405 ], [ -21.9496507, 64.1329766 ], [ -21.9495771, 64.1330482 ] ] ] } },
{ "type": "Feature", "properties": { "osm_id": 105908792, "osm_class": "building", "osm_value": "detached", "name": "" }, "geometry": { "type": "Polygon", "coordinates": [ [ [ -21.9512013, 64.1332409 ], [ -21.9511451, 64.1332923 ], [ -21.9509217, 64.1332459 ], [ -21.950988, 64.1331852 ], [ -21.9510625, 64.1332006 ], [ -21.9510524, 64.1332099 ], [ -21.9512013, 64.1332409 ] ] ] } },
{ "type": "Feature", "properties": { "osm_id": 105908796, "osm_class": "building", "osm_value": "detached", "name": "" }, "geometry": { "type": "Polygon", "coordinates": [ [ [ -21.952714, 64.1329542 ], [ -21.9525743, 64.1329416 ], [ -21.9525467, 64.133 ], [ -21.9526864, 64.1330126 ], [ -21.952714, 64.1329542 ] ] ] } },
{ "type": "Feature", "properties": { "osm_id": 105908805, "osm_class": "building", "osm_value": "detached", "name": "" }, "geometry": { "type": "Polygon", "coordinates": [ [ [ -21.9536585, 64.1336984 ], [ -21.9536242, 64.1337606 ], [ -21.9534786, 64.1337453 ], [ -21.9535048, 64.1336978 ], [ -21.9535267, 64.1337001 ], [ -21.9535347, 64.1336854 ], [ -21.9536585, 64.1336984 ] ] ] } },
{ "type": "Feature", "properties": { "osm_id": 105908808, "osm_class": "building", "osm_value": "detached", "name": "" }, "geometry": { "type": "Polygon", "coordinates": [ [ [ -21.9483882, 64.1338467 ], [ -21.9483403, 64.1338975 ], [ -21.9481641, 64.1338658 ], [ -21.9482121, 64.133815 ], [ -21.9483882, 64.1338467 ] ] ] } },
{ "type": "Feature", "properties": { "osm_id": 105908811, "osm_class": "building", "osm_value": "kindergarten", "name": "" }, "geometry": { "type": "Polygon", "coordinates": [ [ [ -21.9548021, 64.133628 ], [ -21.9546773, 64.1336155 ], [ -21.9546418, 64.1336831 ], [ -21.9546554, 64.1336784 ], [ -21.9546728, 64.1336782 ], [ -21.9546855, 64.1336819 ], [ -21.9546916, 64.133688 ], [ -21.9546768, 64.1337163 ], [ -21.9547887, 64.1337274 ], [ -21.954756, 64.1337898 ], [ -21.9543391, 64.1337482 ], [ -21.954373, 64.1336836 ], [ -21.954466, 64.1336929 ], [ -21.9545598, 64.1335143 ], [ -21.9546837, 64.1335266 ], [ -21.9547109, 64.1334747 ], [ -21.9547568, 64.1334793 ], [ -21.9547659, 64.1334618 ], [ -21.9548508, 64.1334703 ], [ -21.9548416, 64.1334877 ], [ -21.954874, 64.133491 ], [ -21.9548021, 64.133628 ] ] ] } },
{ "type": "Feature", "properties": { "osm_id": 105908812, "osm_class": "building", "osm_value": "apartments", "name": "" }, "geometry": { "type": "Polygon", "coordinates": [ [ [ -21.949002, 64.134584 ], [ -21.9490824, 64.1345021 ], [ -21.9488866, 64.134467 ], [ -21.9488169, 64.1345478 ], [ -21.949002, 64.134584 ] ] ] } },
{ "type": "Feature", "properties": { "osm_id": 105908815, "osm_class": "building", "osm_value": "shed", "name": "" }, "geometry": { "type": "Polygon", "coordinates": [ [ [ -21.954012, 64.1337491 ], [ -21.9540304, 64.1337174 ], [ -21.9539126, 64.1337044 ], [ -21.9538942, 64.133736 ], [ -21.954012, 64.1337491 ] ] ] } },
{ "type": "Feature", "properties": { "osm_id": 105908816, "osm_class": "building", "osm_value": "detached", "name": "" }, "geometry": { "type": "Polygon", "coordinates": [ [ [ -21.9511816, 64.1335682 ], [ -21.9511035, 64.1336436 ], [ -21.9510849, 64.1336399 ], [ -21.9510412, 64.1336804 ], [ -21.9509517, 64.1336621 ], [ -21.9509948, 64.1336222 ], [ -21.9509484, 64.133613 ], [ -21.9510146, 64.1335491 ], [ -21.9510757, 64.1335633 ], [ -21.9510913, 64.1335504 ], [ -21.9511816, 64.1335682 ] ] ] } },
{ "type": "Feature", "properties": { "osm_id": 105908819, "osm_class": "building", "osm_value": "apartments", "name": "" }, "geometry": { "type": "Polygon", "coordinates": [ [ [ -21.9535495, 64.1339453 ], [ -21.9534068, 64.133928 ], [ -21.9533546, 64.1340099 ], [ -21.9534973, 64.1340272 ], [ -21.9535495, 64.1339453 ] ] ] } },
{ "type": "Feature", "properties": { "osm_id": 105908825, "osm_class": "building", "osm_value": "detached", "name": "" }, "geometry": { "type": "Polygon", "coordinates": [ [ [ -21.9478907, 64.1342137 ], [ -21.94771, 64.1341774 ], [ -21.9477943, 64.1340976 ], [ -21.947975, 64.1341339 ], [ -21.9478907, 64.1342137 ] ] ] } },
{ "type": "Feature", "properties": { "osm_id": 105908827, "osm_class": "building", "osm_value": "garage", "name": "" }, "geometry": { "type": "Polygon", "coordinates": [ [ [ -21.9528805, 64.1329318 ], [ -21.9527785, 64.1329201 ], [ -21.952749, 64.1330031 ], [ -21.9527758, 64.1330078 ], [ -21.9528565, 64.1329748 ], [ -21.9528805, 64.1329318 ] ] ] } },
{ "type": "Feature", "properties": { "osm_id": 105908830, "osm_class": "building", "osm_value": "garage", "name": "" }, "geometry": { "type": "Polygon", "coordinates": [ [ [ -21.9485775, 64.1338182 ], [ -21.9485246, 64.1338754 ], [ -21.9484535, 64.1338629 ], [ -21.9485064, 64.1338057 ], [ -21.9485775, 64.1338182 ] ] ] } },
{ "type": "Feature", "properties": { "osm_id": 105908838, "osm_class": "building", "osm_value": "apartments", "name": "" }, "geometry": { "type": "Polygon", "coordinates": [ [ [ -21.9492005, 64.1338336 ], [ -21.9492238, 64.1338108 ], [ -21.9492648, 64.1338188 ], [ -21.9493346, 64.1337505 ], [ -21.9491543, 64.1337155 ], [ -21.9490837, 64.1337846 ], [ -21.9491269, 64.133793 ], [ -21.9491045, 64.1338149 ], [ -21.9492005, 64.1338336 ] ] ] } },
{ "type": "Feature", "properties": { "osm_id": 105908843, "osm_class": "building", "osm_value": "apartments", "name": "" }, "geometry": { "type": "Polygon", "coordinates": [ [ [ -21.9523837, 64.1336293 ], [ -21.9523766, 64.1335497 ], [ -21.9521796, 64.1335531 ], [ -21.9521866, 64.1336326 ], [ -21.9523837, 64.1336293 ] ] ] } },
{ "type": "Feature", "properties": { "osm_id": 105908845, "osm_class": "building", "osm_value": "apartments", "name": "" }, "geometry": { "type": "Polygon", "coordinates": [ [ [ -21.9535202, 64.1330943 ], [ -21.953475, 64.1331813 ], [ -21.9532894, 64.133163 ], [ -21.9533346, 64.133076 ], [ -21.9535202, 64.1330943 ] ] ] } },
{ "type": "Feature", "properties": { "osm_id": 105908849, "osm_class": "building", "osm_value": "apartments", "name": "" }, "geometry": { "type": "Polygon", "coordinates": [ [ [ -21.953806, 64.1335773 ], [ -21.9537558, 64.1336604 ], [ -21.9535642, 64.1336384 ], [ -21.9536144, 64.1335553 ], [ -21.953806, 64.1335773 ] ] ] } },
{ "type": "Feature", "properties": { "osm_id": 105908850, "osm_class": "building", "osm_value": "garage", "name": "" }, "geometry": { "type": "Polygon", "coordinates": [ [ [ -21.9536414, 64.1340566 ], [ -21.9536412, 64.1341074 ], [ -21.9534576, 64.1341073 ], [ -21.9534578, 64.1340564 ], [ -21.9536414, 64.1340566 ] ] ] } },
{ "type": "Feature", "properties": { "osm_id": 105908854, "osm_class": "building", "osm_value": "garage", "name": "" }, "geometry": { "type": "Polygon", "coordinates": [ [ [ -21.9541561, 64.1336618 ], [ -21.9539521, 64.1336392 ], [ -21.9539154, 64.1337024 ], [ -21.9541194, 64.133725 ], [ -21.9541561, 64.1336618 ] ] ] } },
{ "type": "Feature", "properties": { "osm_id": 105908855, "osm_class": "building", "osm_value": "yes", "name": "" }, "geometry": { "type": "Polygon", "coordinates": [ [ [ -21.9494722, 64.1337656 ], [ -21.9493956, 64.1337518 ], [ -21.9494168, 64.1337294 ], [ -21.9494934, 64.1337432 ], [ -21.9494722, 64.1337656 ] ] ] } },
{ "type": "Feature", "properties": { "osm_id": 105908857, "osm_class": "building", "osm_value": "shed", "name": "" }, "geometry": { "type": "Polygon", "coordinates": [ [ [ -21.9505385, 64.1333964 ], [ -21.9504523, 64.1333781 ], [ -21.9503918, 64.1334322 ], [ -21.950478, 64.1334505 ], [ -21.9505385, 64.1333964 ] ] ] } },
{ "type": "Feature", "properties": { "osm_id": 105908860, "osm_class": "building", "osm_value": "garage", "name": "" }, "geometry": { "type": "Polygon", "coordinates": [ [ [ -21.9495249, 64.1332617 ], [ -21.9496, 64.1331903 ], [ -21.9495156, 64.1331734 ], [ -21.9494391, 64.1332453 ], [ -21.9495249, 64.1332617 ] ] ] } },
{ "type": "Feature", "properties": { "osm_id": 105908864, "osm_class": "building", "osm_value": "apartments", "name": "" }, "geometry": { "type": "Polygon", "coordinates": [ [ [ -21.9524187, 64.1342399 ], [ -21.9522431, 64.1342439 ], [ -21.9522544, 64.1343374 ], [ -21.95243, 64.1343333 ], [ -21.952428, 64.1343164 ], [ -21.9524187, 64.1342399 ] ] ] } },
{ "type": "Feature", "properties": { "osm_id": 105908868, "osm_class": "building", "osm_value": "apartments", "name": "" }, "geometry": { "type": "Polygon", "coordinates": [ [ [ -21.9513893, 64.133376 ], [ -21.9513212, 64.1334415 ], [ -21.9511669, 64.133411 ], [ -21.951235, 64.1333455 ], [ -21.9513893, 64.133376 ] ] ] } },
{ "type": "Feature", "properties": { "osm_id": 105908870, "osm_class": "building", "osm_value": "detached", "name": "" }, "geometry": { "type": "Polygon", "coordinates": [ [ [ -21.9533167, 64.1334327 ], [ -21.9533623, 64.1333493 ], [ -21.9532555, 64.1333382 ], [ -21.9532733, 64.1333057 ], [ -21.953118, 64.1332895 ], [ -21.9530709, 64.1333755 ], [ -21.953158, 64.1333846 ], [ -21.9531417, 64.1334145 ], [ -21.9533167, 64.1334327 ] ] ] } },
{ "type": "Feature", "properties": { "osm_id": 105908874, "osm_class": "building", "osm_value": "detached", "name": "" }, "geometry": { "type": "Polygon", "coordinates": [ [ [ -21.9481566, 64.1339706 ], [ -21.9480619, 64.134057 ], [ -21.9478899, 64.1340211 ], [ -21.9479847, 64.1339347 ], [ -21.9481566, 64.1339706 ] ] ] } },
{ "type": "Feature", "properties": { "osm_id": 105908876, "osm_class": "building", "osm_value": "apartments", "name": "" }, "geometry": { "type": "Polygon", "coordinates": [ [ [ -21.9500969, 64.1332035 ], [ -21.9499215, 64.1331679 ], [ -21.9500486, 64.1330487 ], [ -21.9502241, 64.1330843 ], [ -21.9500969, 64.1332035 ] ] ] } },
{ "type": "Feature", "properties": { "osm_id": 105908878, "osm_class": "building", "osm_value": "detached", "name": "" }, "geometry": { "type": "Polygon", "coordinates": [ [ [ -21.9495313, 64.1336838 ], [ -21.9494238, 64.1336633 ], [ -21.9494327, 64.1336544 ], [ -21.949406, 64.1336494 ], [ -21.9494831, 64.1335722 ], [ -21.9496285, 64.1335998 ], [ -21.9496099, 64.1336185 ], [ -21.9495986, 64.1336164 ], [ -21.9495313, 64.1336838 ] ] ] } },
{ "type": "Feature", "properties": { "osm_id": 105908880, "osm_class": "building", "osm_value": "detached", "name": "" }, "geometry": { "type": "Polygon", "coordinates": [ [ [ -21.9538209, 64.1334903 ], [ -21.953662, 64.1334764 ], [ -21.9536964, 64.1334017 ], [ -21.9539772, 64.1334263 ], [ -21.9539565, 64.1334713 ], [ -21.9538346, 64.1334606 ], [ -21.9538209, 64.1334903 ] ] ] } },
{ "type": "Feature", "properties": { "osm_id": 105908881, "osm_class": "building", "osm_value": "detached", "name": "" }, "geometry": { "type": "Polygon", "coordinates": [ [ [ -21.9532179, 64.1336077 ], [ -21.9530371, 64.1336122 ], [ -21.9530271, 64.1335348 ], [ -21.9532079, 64.1335304 ], [ -21.9532179, 64.1336077 ] ] ] } },
{ "type": "Feature", "properties": { "osm_id": 105908886, "osm_class": "building", "osm_value": "detached", "name": "" }, "geometry": { "type": "Polygon", "coordinates": [ [ [ -21.9521609, 64.1331665 ], [ -21.952132, 64.1331669 ], [ -21.9521273, 64.1331064 ], [ -21.9524754, 64.1331013 ], [ -21.9524834, 64.1332044 ], [ -21.9525697, 64.1332031 ], [ -21.9525719, 64.1332313 ], [ -21.9525149, 64.1332321 ], [ -21.9523623, 64.1332344 ], [ -21.9523601, 64.1332062 ], [ -21.9521642, 64.133209 ], [ -21.9521609, 64.1331665 ] ] ] } },
{ "type": "Feature", "properties": { "osm_id": 105908888, "osm_class": "building", "osm_value": "garage", "name": "" }, "geometry": { "type": "Polygon", "coordinates": [ [ [ -21.9529701, 64.1340298 ], [ -21.9528024, 64.1340302 ], [ -21.952803, 64.1340898 ], [ -21.9529706, 64.1340895 ], [ -21.9529701, 64.1340298 ] ] ] } },
{ "type": "Feature", "properties": { "osm_id": 105908891, "osm_class": "building", "osm_value": "detached", "name": "" }, "geometry": { "type": "Polygon", "coordinates": [ [ [ -21.9487433, 64.1339788 ], [ -21.9488042, 64.1339199 ], [ -21.9487627, 64.1339117 ], [ -21.9487928, 64.1338826 ], [ -21.9486888, 64.1338621 ], [ -21.948655, 64.1338948 ], [ -21.9485992, 64.1338839 ], [ -21.948542, 64.1339392 ], [ -21.9487433, 64.1339788 ] ] ] } },
{ "type": "Feature", "properties": { "osm_id": 105908893, "osm_class": "building", "osm_value": "kindergarten", "name": "" }, "geometry": { "type": "Polygon", "coordinates": [ [ [ -21.9494866, 64.1343932 ], [ -21.9492239, 64.1343401 ], [ -21.9493059, 64.1342628 ], [ -21.9495687, 64.134316 ], [ -21.9494866, 64.1343932 ] ] ] } },
{ "type": "Feature", "properties": { "osm_id": 105908895, "osm_class": "building", "osm_value": "detached", "name": "" }, "geometry": { "type": "Polygon", "coordinates": [ [ [ -21.9494583, 64.1341294 ], [ -21.9492806, 64.1340944 ], [ -21.9493411, 64.134036 ], [ -21.9493852, 64.1340447 ], [ -21.949404, 64.1340265 ], [ -21.9494939, 64.1340442 ], [ -21.9494809, 64.1340568 ], [ -21.9495244, 64.1340654 ], [ -21.9494583, 64.1341294 ] ] ] } },
{ "type": "Feature", "properties": { "osm_id": 105908899, "osm_class": "building", "osm_value": "detached", "name": "" }, "geometry": { "type": "Polygon", "coordinates": [ [ [ -21.9491052, 64.1340492 ], [ -21.9491604, 64.134 ], [ -21.9490824, 64.1339834 ], [ -21.949102, 64.1339659 ], [ -21.9490175, 64.1339478 ], [ -21.9489974, 64.1339657 ], [ -21.948952, 64.133956 ], [ -21.9488863, 64.1340145 ], [ -21.9490648, 64.1340526 ], [ -21.9490756, 64.1340429 ], [ -21.9491052, 64.1340492 ] ] ] } },
{ "type": "Feature", "properties": { "osm_id": 105908903, "osm_class": "building", "osm_value": "detached", "name": "" }, "geometry": { "type": "Polygon", "coordinates": [ [ [ -21.9508386, 64.1332382 ], [ -21.9509153, 64.1331627 ], [ -21.9507413, 64.1331291 ], [ -21.9507557, 64.133115 ], [ -21.9507055, 64.1331053 ], [ -21.9506814, 64.1331291 ], [ -21.9506051, 64.1331144 ], [ -21.9505216, 64.1331966 ], [ -21.9506232, 64.1332162 ], [ -21.9506399, 64.1331998 ], [ -21.9508386, 64.1332382 ] ] ] } },
{ "type": "Feature", "properties": { "osm_id": 105908908, "osm_class": "building", "osm_value": "detached", "name": "" }, "geometry": { "type": "Polygon", "coordinates": [ [ [ -21.9503488, 64.1334654 ], [ -21.9503006, 64.1335152 ], [ -21.9501776, 64.1334916 ], [ -21.9501995, 64.1334699 ], [ -21.9500544, 64.133442 ], [ -21.9500266, 64.1334697 ], [ -21.949897, 64.1334448 ], [ -21.9499742, 64.1333682 ], [ -21.9500677, 64.1333862 ], [ -21.9500889, 64.1333652 ], [ -21.9502762, 64.1334012 ], [ -21.950269, 64.1334082 ], [ -21.9503842, 64.1334304 ], [ -21.9503488, 64.1334654 ] ] ] } },
{ "type": "Feature", "properties": { "osm_id": 105908917, "osm_class": "building", "osm_value": "garage", "name": "" }, "geometry": { "type": "Polygon", "coordinates": [ [ [ -21.9539253, 64.1339536 ], [ -21.9539521, 64.1339057 ], [ -21.9538029, 64.1338898 ], [ -21.9537761, 64.1339377 ], [ -21.9539253, 64.1339536 ] ] ] } },
{ "type": "Feature", "properties": { "osm_id": 105908919, "osm_class": "building", "osm_value": "detached", "name": "" }, "geometry": { "type": "Polygon", "coordinates": [ [ [ -21.950482, 64.1331532 ], [ -21.9504479, 64.1331855 ], [ -21.9504773, 64.1331914 ], [ -21.950434, 64.1332326 ], [ -21.950395, 64.1332247 ], [ -21.9503714, 64.1332472 ], [ -21.9502423, 64.1332214 ], [ -21.9503434, 64.1331254 ], [ -21.950482, 64.1331532 ] ] ] } },
{ "type": "Feature", "properties": { "osm_id": 105908924, "osm_class": "building", "osm_value": "detached", "name": "" }, "geometry": { "type": "Polygon", "coordinates": [ [ [ -21.9536427, 64.1339039 ], [ -21.953689, 64.1338227 ], [ -21.9534766, 64.1337997 ], [ -21.9534303, 64.1338808 ], [ -21.9536427, 64.1339039 ] ] ] } },
{ "type": "Feature", "properties": { "osm_id": 105908927, "osm_class": "building", "osm_value": "detached", "name": "" }, "geometry": { "type": "Polygon", "coordinates": [ [ [ -21.9498312, 64.134181 ], [ -21.9497945, 64.1341736 ], [ -21.9497841, 64.1341833 ], [ -21.949655, 64.134157 ], [ -21.9496097, 64.1341478 ], [ -21.9496563, 64.1341042 ], [ -21.9496992, 64.1341129 ], [ -21.949711, 64.1341019 ], [ -21.9498479, 64.1341298 ], [ -21.9498303, 64.1341463 ], [ -21.9498615, 64.1341526 ], [ -21.9498312, 64.134181 ] ] ] } },
{ "type": "Feature", "properties": { "osm_id": 105908930, "osm_class": "building", "osm_value": "garage", "name": "" }, "geometry": { "type": "Polygon", "coordinates": [ [ [ -21.9527307, 64.1343378 ], [ -21.9524314, 64.1343448 ], [ -21.952428, 64.1343164 ], [ -21.9527272, 64.1343095 ], [ -21.9527307, 64.1343378 ] ] ] } },
{ "type": "Feature", "properties": { "osm_id": 105908932, "osm_class": "building", "osm_value": "detached", "name": "" }, "geometry": { "type": "Polygon", "coordinates": [ [ [ -21.9489939, 64.1335057 ], [ -21.9488665, 64.1334811 ], [ -21.9488061, 64.133535 ], [ -21.948837, 64.1335472 ], [ -21.9488262, 64.1335549 ], [ -21.94879, 64.1335496 ], [ -21.9487471, 64.1335888 ], [ -21.9488745, 64.1336139 ], [ -21.9489134, 64.1335765 ], [ -21.9488826, 64.1335695 ], [ -21.9488933, 64.1335584 ], [ -21.9489362, 64.133563 ], [ -21.9489939, 64.1335057 ] ] ] } },
{ "type": "Feature", "properties": { "osm_id": 105908936, "osm_class": "building", "osm_value": "detached", "name": "" }, "geometry": { "type": "Polygon", "coordinates": [ [ [ -21.948777, 64.1337516 ], [ -21.9488446, 64.1336821 ], [ -21.948654, 64.1336468 ], [ -21.9485864, 64.1337162 ], [ -21.948777, 64.1337516 ] ] ] } },
{ "type": "Feature", "properties": { "osm_id": 105908939, "osm_class": "building", "osm_value": "detached", "name": "" }, "geometry": { "type": "Polygon", "coordinates": [ [ [ -21.949765, 64.1334174 ], [ -21.9496389, 64.1333934 ], [ -21.9496269, 64.1334051 ], [ -21.9494177, 64.1333618 ], [ -21.9495075, 64.1332693 ], [ -21.9497315, 64.1333126 ], [ -21.9497154, 64.1333255 ], [ -21.9498455, 64.1333501 ], [ -21.9497771, 64.1334197 ], [ -21.949765, 64.1334174 ] ] ] } },
{ "type": "Feature", "properties": { "osm_id": 105908943, "osm_class": "building", "osm_value": "detached", "name": "" }, "geometry": { "type": "Polygon", "coordinates": [ [ [ -21.9496786, 64.1339228 ], [ -21.9494999, 64.1338884 ], [ -21.9495672, 64.1338218 ], [ -21.9497459, 64.1338562 ], [ -21.9496786, 64.1339228 ] ] ] } },
{ "type": "Feature", "properties": { "osm_id": 105908945, "osm_class": "building", "osm_value": "detached", "name": "" }, "geometry": { "type": "Polygon", "coordinates": [ [ [ -21.9482843, 64.1342862 ], [ -21.9482078, 64.1343579 ], [ -21.948061, 64.1343282 ], [ -21.9481375, 64.1342564 ], [ -21.9482843, 64.1342862 ] ] ] } },
{ "type": "Feature", "properties": { "osm_id": 106291289, "osm_class": "building", "osm_value": "house", "name": "" }, "geometry": { "type": "Polygon", "coordinates": [ [ [ -21.9547425, 64.1375272 ], [ -21.9546071, 64.1374983 ], [ -21.9545125, 64.1375824 ], [ -21.9545213, 64.1375842 ], [ -21.9544851, 64.1376164 ], [ -21.9546089, 64.1376429 ], [ -21.9546383, 64.1376168 ], [ -21.9546766, 64.137625 ], [ -21.9547444, 64.1375647 ], [ -21.9547089, 64.1375571 ], [ -21.9547425, 64.1375272 ] ] ] } },
{ "type": "Feature", "properties": { "osm_id": 106291299, "osm_class": "building", "osm_value": "yes", "name": "" }, "geometry": { "type": "Polygon", "coordinates": [ [ [ -21.9547964, 64.137863 ], [ -21.9548626, 64.1378091 ], [ -21.9547621, 64.137787 ], [ -21.9547622, 64.1377708 ], [ -21.954705, 64.1377583 ], [ -21.9546897, 64.1377709 ], [ -21.9546215, 64.1377553 ], [ -21.9545554, 64.1378076 ], [ -21.9546564, 64.1378326 ], [ -21.954649, 64.1378411 ], [ -21.9547086, 64.1378547 ], [ -21.9547228, 64.1378448 ], [ -21.9547964, 64.137863 ] ] ] } },
{ "type": "Feature", "properties": { "osm_id": 106291303, "osm_class": "building", "osm_value": "yes", "name": "" }, "geometry": { "type": "Polygon", "coordinates": [ [ [ -21.9547345, 64.1373271 ], [ -21.9549617, 64.1373788 ], [ -21.9548138, 64.1375027 ], [ -21.9548013, 64.1375131 ], [ -21.9546253, 64.1374731 ], [ -21.954716, 64.1373972 ], [ -21.9546527, 64.1373828 ], [ -21.9547071, 64.1373372 ], [ -21.9547192, 64.1373399 ], [ -21.9547245, 64.1373355 ], [ -21.9547345, 64.1373271 ] ] ] } },
{ "type": "Feature", "properties": { "osm_id": 107192869, "osm_class": "landuse", "osm_value": "construction", "name": "" }, "geometry": { "type": "Polygon", "coordinates": [ [ [ -21.9480962, 64.1358975 ], [ -21.9466941, 64.1370351 ], [ -21.9476516, 64.1375618 ], [ -21.9479425, 64.1375065 ], [ -21.9487457, 64.1367994 ], [ -21.9492603, 64.1363996 ], [ -21.9500924, 64.1356457 ], [ -21.9484661, 64.134947 ], [ -21.9478189, 64.1352557 ], [ -21.9471278, 64.1355831 ], [ -21.9469685, 64.1356584 ], [ -21.9480962, 64.1358975 ] ] ] } },
{ "type": "Feature", "properties": { "osm_id": 107840666, "osm_class": "building", "osm_value": "yes", "name": "" }, "geometry": { "type": "Polygon", "coordinates": [ [ [ -21.9549582, 64.1434351 ], [ -21.9548027, 64.1434933 ], [ -21.9546316, 64.1434063 ], [ -21.9548185, 64.1433363 ], [ -21.9549014, 64.1433785 ], [ -21.95487, 64.1433902 ], [ -21.9549582, 64.1434351 ] ] ] } },
{ "type": "Feature", "properties": { "osm_id": 107840668, "osm_class": "building", "osm_value": "yes", "name": "" }, "geometry": { "type": "Polygon", "coordinates": [ [ [ -21.9546986, 64.1438072 ], [ -21.9545351, 64.1438647 ], [ -21.9543844, 64.1437832 ], [ -21.9544669, 64.1437541 ], [ -21.9543903, 64.1437127 ], [ -21.9544713, 64.1436842 ], [ -21.9546986, 64.1438072 ] ] ] } },
{ "type": "Feature", "properties": { "osm_id": 107840672, "osm_class": "building", "osm_value": "garage", "name": "" }, "geometry": { "type": "Polygon", "coordinates": [ [ [ -21.9540996, 64.1433993 ], [ -21.9541893, 64.1434449 ], [ -21.9540484, 64.1434976 ], [ -21.9539587, 64.143452 ], [ -21.9540996, 64.1433993 ] ] ] } },
{ "type": "Feature", "properties": { "osm_id": 107840685, "osm_class": "building", "osm_value": "yes", "name": "" }, "geometry": { "type": "Polygon", "coordinates": [ [ [ -21.9542802, 64.1435717 ], [ -21.954334, 64.1436009 ], [ -21.9543521, 64.1435945 ], [ -21.954372, 64.1436053 ], [ -21.9543771, 64.1436035 ], [ -21.9544362, 64.1436355 ], [ -21.9542813, 64.1436899 ], [ -21.954228, 64.143661 ], [ -21.9542065, 64.1436686 ], [ -21.954127, 64.1436255 ], [ -21.9542802, 64.1435717 ] ] ] } },
{ "type": "Feature", "properties": { "osm_id": 107840696, "osm_class": "building", "osm_value": "yes", "name": "" }, "geometry": { "type": "Polygon", "coordinates": [ [ [ -21.954723, 64.142698 ], [ -21.9548586, 64.1427682 ], [ -21.9548781, 64.142761 ], [ -21.9549721, 64.1428097 ], [ -21.954844, 64.1428568 ], [ -21.9547399, 64.142895 ], [ -21.9546501, 64.1428485 ], [ -21.954695, 64.1428321 ], [ -21.9545734, 64.1427691 ], [ -21.954634, 64.1427469 ], [ -21.9546158, 64.1427374 ], [ -21.954723, 64.142698 ] ] ] } },
{ "type": "Feature", "properties": { "osm_id": 107840698, "osm_class": "building", "osm_value": "yes", "name": "" }, "geometry": { "type": "Polygon", "coordinates": [ [ [ -21.9533404, 64.1442193 ], [ -21.9535219, 64.1441523 ], [ -21.9535137, 64.144148 ], [ -21.953535, 64.1441436 ], [ -21.9535482, 64.1441353 ], [ -21.9535501, 64.1441252 ], [ -21.9535401, 64.1441161 ], [ -21.9535219, 64.1441105 ], [ -21.9534997, 64.1441094 ], [ -21.9534791, 64.1441131 ], [ -21.9533679, 64.1440562 ], [ -21.9533523, 64.1440619 ], [ -21.9532954, 64.1440307 ], [ -21.9533116, 64.1440251 ], [ -21.9533244, 64.1440051 ], [ -21.9532942, 64.1439896 ], [ -21.9531783, 64.1440323 ], [ -21.9532228, 64.1440553 ], [ -21.9531059, 64.1440984 ], [ -21.9533404, 64.1442193 ] ] ] } },
{ "type": "Feature", "properties": { "osm_id": 107840707, "osm_class": "building", "osm_value": "yes", "name": "" }, "geometry": { "type": "Polygon", "coordinates": [ [ [ -21.9508521, 64.1439015 ], [ -21.950979, 64.1439685 ], [ -21.9509464, 64.1439806 ], [ -21.9509835, 64.1439996 ], [ -21.9509394, 64.1440156 ], [ -21.9508121, 64.1439483 ], [ -21.9508056, 64.1439406 ], [ -21.9508083, 64.1439318 ], [ -21.9508521, 64.1439015 ] ] ] } },
{ "type": "Feature", "properties": { "osm_id": 107840710, "osm_class": "building", "osm_value": "yes", "name": "" }, "geometry": { "type": "Polygon", "coordinates": [ [ [ -21.9531296, 64.1439388 ], [ -21.9529627, 64.1440021 ], [ -21.9529202, 64.1439808 ], [ -21.9528991, 64.1439888 ], [ -21.9527342, 64.1439061 ], [ -21.9528333, 64.1438685 ], [ -21.9528674, 64.1438556 ], [ -21.952898, 64.1438709 ], [ -21.9529764, 64.1438412 ], [ -21.9530562, 64.1438812 ], [ -21.9530326, 64.1438902 ], [ -21.9531296, 64.1439388 ] ] ] } },
{ "type": "Feature", "properties": { "osm_id": 107840714, "osm_class": "building", "osm_value": "yes", "name": "" }, "geometry": { "type": "Polygon", "coordinates": [ [ [ -21.9535291, 64.1436745 ], [ -21.9533416, 64.1437408 ], [ -21.9533068, 64.1437221 ], [ -21.9532842, 64.14371 ], [ -21.9533071, 64.1437018 ], [ -21.9531958, 64.143642 ], [ -21.9533393, 64.1435912 ], [ -21.9534473, 64.1436492 ], [ -21.9534682, 64.1436418 ], [ -21.9535291, 64.1436745 ] ] ] } },
{ "type": "Feature", "properties": { "osm_id": 107840733, "osm_class": "building", "osm_value": "yes", "name": "" }, "geometry": { "type": "Polygon", "coordinates": [ [ [ -21.9537182, 64.1444235 ], [ -21.9539052, 64.1443576 ], [ -21.9538934, 64.1443512 ], [ -21.9539138, 64.1443475 ], [ -21.9539272, 64.1443398 ], [ -21.9539298, 64.1443303 ], [ -21.9539211, 64.1443214 ], [ -21.9539029, 64.1443156 ], [ -21.9538805, 64.1443147 ], [ -21.9538601, 64.1443189 ], [ -21.953743, 64.1442564 ], [ -21.9537258, 64.1442625 ], [ -21.9537088, 64.1442535 ], [ -21.9537671, 64.1442327 ], [ -21.9537342, 64.1442151 ], [ -21.9537184, 64.1442207 ], [ -21.953699, 64.1442104 ], [ -21.953705, 64.1442083 ], [ -21.9536822, 64.1441961 ], [ -21.95358, 64.1442339 ], [ -21.9536158, 64.144253 ], [ -21.9534857, 64.1442994 ], [ -21.9537182, 64.1444235 ] ] ] } },
{ "type": "Feature", "properties": { "osm_id": 107840740, "osm_class": "building", "osm_value": "yes", "name": "" }, "geometry": { "type": "Polygon", "coordinates": [ [ [ -21.9544255, 64.1431122 ], [ -21.9542057, 64.1431876 ], [ -21.9541419, 64.1431522 ], [ -21.9541572, 64.143147 ], [ -21.9540648, 64.1430957 ], [ -21.9541226, 64.1430759 ], [ -21.9540967, 64.1430615 ], [ -21.9541611, 64.1430394 ], [ -21.9541846, 64.1430525 ], [ -21.9542335, 64.1430357 ], [ -21.9543164, 64.1430816 ], [ -21.9543497, 64.1430702 ], [ -21.9544255, 64.1431122 ] ] ] } },
{ "type": "Feature", "properties": { "osm_id": 107840741, "osm_class": "building", "osm_value": "yes", "name": "" }, "geometry": { "type": "Polygon", "coordinates": [ [ [ -21.9518555, 64.1443785 ], [ -21.9517905, 64.1444025 ], [ -21.9517366, 64.1444223 ], [ -21.951643, 64.144374 ], [ -21.9516847, 64.1443586 ], [ -21.9517619, 64.1443302 ], [ -21.9518093, 64.1443547 ], [ -21.9518555, 64.1443785 ] ] ] } },
{ "type": "Feature", "properties": { "osm_id": 107840745, "osm_class": "building", "osm_value": "yes", "name": "" }, "geometry": { "type": "Polygon", "coordinates": [ [ [ -21.9536485, 64.1439165 ], [ -21.9537334, 64.1438867 ], [ -21.95371, 64.143874 ], [ -21.9538004, 64.1438422 ], [ -21.9537293, 64.1438037 ], [ -21.9537701, 64.1437894 ], [ -21.953678, 64.1437395 ], [ -21.9534619, 64.1438154 ], [ -21.9536485, 64.1439165 ] ] ] } },
{ "type": "Feature", "properties": { "osm_id": 107840759, "osm_class": "building", "osm_value": "yes", "name": "" }, "geometry": { "type": "Polygon", "coordinates": [ [ [ -21.9540302, 64.1434004 ], [ -21.9538567, 64.1434614 ], [ -21.9537371, 64.1433968 ], [ -21.9537106, 64.1434062 ], [ -21.9536287, 64.1433619 ], [ -21.9537886, 64.1433057 ], [ -21.9538431, 64.1433351 ], [ -21.9538833, 64.143321 ], [ -21.9540302, 64.1434004 ] ] ] } },
{ "type": "Feature", "properties": { "osm_id": 107840764, "osm_class": "building", "osm_value": "garage", "name": "" }, "geometry": { "type": "Polygon", "coordinates": [ [ [ -21.9532218, 64.1439337 ], [ -21.9530839, 64.1439841 ], [ -21.9531783, 64.1440323 ], [ -21.9532942, 64.1439896 ], [ -21.953315, 64.1439822 ], [ -21.9532218, 64.1439337 ] ] ] } },
{ "type": "Feature", "properties": { "osm_id": 107840766, "osm_class": "building", "osm_value": "garage", "name": "" }, "geometry": { "type": "Polygon", "coordinates": [ [ [ -21.9534899, 64.1441988 ], [ -21.9536079, 64.144157 ], [ -21.9536448, 64.1441769 ], [ -21.9537386, 64.1441463 ], [ -21.953796, 64.1441798 ], [ -21.953705, 64.1442083 ], [ -21.9536822, 64.1441961 ], [ -21.95358, 64.1442339 ], [ -21.9535656, 64.1442392 ], [ -21.9534899, 64.1441988 ] ] ] } },
{ "type": "Feature", "properties": { "osm_id": 107840767, "osm_class": "building", "osm_value": "apartments", "name": "" }, "geometry": { "type": "Polygon", "coordinates": [ [ [ -21.9544351, 64.1441761 ], [ -21.9542801, 64.1442366 ], [ -21.9541385, 64.1441677 ], [ -21.9541043, 64.144181 ], [ -21.9540233, 64.1441416 ], [ -21.9541558, 64.1440899 ], [ -21.9541798, 64.1441016 ], [ -21.9542566, 64.1440716 ], [ -21.9543509, 64.1441175 ], [ -21.9543309, 64.1441253 ], [ -21.9544351, 64.1441761 ] ] ] } },
{ "type": "Feature", "properties": { "osm_id": 107840771, "osm_class": "building", "osm_value": "yes", "name": "" }, "geometry": { "type": "Polygon", "coordinates": [ [ [ -21.9546906, 64.1432788 ], [ -21.9545393, 64.143333 ], [ -21.9543544, 64.1432347 ], [ -21.9545296, 64.143172 ], [ -21.9546723, 64.1432478 ], [ -21.9546484, 64.1432564 ], [ -21.9546906, 64.1432788 ] ] ] } },
{ "type": "Feature", "properties": { "osm_id": 120838536, "osm_class": "building", "osm_value": "detached", "name": "" }, "geometry": { "type": "Polygon", "coordinates": [ [ [ -21.9492928, 64.1332743 ], [ -21.9492312, 64.1333325 ], [ -21.9491017, 64.1333063 ], [ -21.9491633, 64.1332482 ], [ -21.9492928, 64.1332743 ] ] ] } },
{ "type": "Feature", "properties": { "osm_id": 133857575, "osm_class": "natural", "osm_value": "wood", "name": "" }, "geometry": { "type": "Polygon", "coordinates": [ [ [ -21.9427437, 64.1402557 ], [ -21.9427765, 64.1402431 ], [ -21.9420728, 64.1399646 ], [ -21.9419851, 64.1400366 ], [ -21.9419692, 64.1401255 ], [ -21.9421019, 64.1401962 ], [ -21.9422442, 64.14024 ], [ -21.9427437, 64.1402557 ] ] ] } },
{ "type": "Feature", "properties": { "osm_id": 133966424, "osm_class": "building", "osm_value": "yes", "name": "" }, "geometry": { "type": "Polygon", "coordinates": [ [ [ -21.9503305, 64.1394501 ], [ -21.9502904, 64.1394412 ], [ -21.9504858, 64.1392733 ], [ -21.950526, 64.1392822 ], [ -21.9503305, 64.1394501 ] ] ] } },
{ "type": "Feature", "properties": { "osm_id": 134164041, "osm_class": "landuse", "osm_value": "grass", "name": "" }, "geometry": { "type": "Polygon", "coordinates": [ [ [ -21.953895, 64.1405968 ], [ -21.953899, 64.1405903 ], [ -21.953818, 64.1405788 ], [ -21.9538239, 64.1405699 ], [ -21.9537193, 64.1405535 ], [ -21.9537247, 64.1405471 ], [ -21.953608, 64.1405313 ], [ -21.9536134, 64.1405231 ], [ -21.9535048, 64.1405073 ], [ -21.9535021, 64.1405014 ], [ -21.9533961, 64.1404856 ], [ -21.9533948, 64.140495 ], [ -21.953895, 64.1405968 ] ] ] } },
{ "type": "Feature", "properties": { "osm_id": 135991147, "osm_class": "landuse", "osm_value": "grass", "name": "" }, "geometry": { "type": "Polygon", "coordinates": [ [ [ -21.9550528, 64.1367183 ], [ -21.955027, 64.1367231 ], [ -21.9549965, 64.1367452 ], [ -21.9545941, 64.1371067 ], [ -21.9545782, 64.1371237 ], [ -21.9546129, 64.1371278 ], [ -21.9546424, 64.1371278 ], [ -21.9550825, 64.1367446 ], [ -21.9550823, 64.1367264 ], [ -21.9550528, 64.1367183 ] ] ] } },
{ "type": "Feature", "properties": { "osm_id": 135991150, "osm_class": "landuse", "osm_value": "grass", "name": "" }, "geometry": { "type": "Polygon", "coordinates": [ [ [ -21.9527434, 64.1385879 ], [ -21.9527087, 64.1386188 ], [ -21.952694, 64.1386256 ], [ -21.9526732, 64.1386291 ], [ -21.9526508, 64.1386267 ], [ -21.9527065, 64.1385801 ], [ -21.9527434, 64.1385879 ] ] ] } },
{ "type": "Feature", "properties": { "osm_id": 135991154, "osm_class": "landuse", "osm_value": "grass", "name": "" }, "geometry": { "type": "Polygon", "coordinates": [ [ [ -21.951231, 64.1401721 ], [ -21.95117, 64.140157 ], [ -21.9512156, 64.1401172 ], [ -21.9512522, 64.1401065 ], [ -21.95128, 64.140116 ], [ -21.9512764, 64.1401381 ], [ -21.951231, 64.1401721 ] ] ] } },
{ "type": "Feature", "properties": { "osm_id": 135991155, "osm_class": "landuse", "osm_value": "grass", "name": "" }, "geometry": { "type": "Polygon", "coordinates": [ [ [ -21.9514883, 64.1399369 ], [ -21.951436, 64.1399259 ], [ -21.9528988, 64.1386127 ], [ -21.9529084, 64.1386046 ], [ -21.9529174, 64.138597 ], [ -21.95376, 64.1378403 ], [ -21.9537841, 64.1378216 ], [ -21.9538136, 64.1378146 ], [ -21.9538512, 64.1378192 ], [ -21.9538565, 64.1378391 ], [ -21.9529845, 64.1386121 ], [ -21.9529756, 64.1386196 ], [ -21.9529659, 64.1386278 ], [ -21.9514883, 64.1399369 ] ] ] } },
{ "type": "Feature", "properties": { "osm_id": 135991160, "osm_class": "landuse", "osm_value": "grass", "name": "" }, "geometry": { "type": "Polygon", "coordinates": [ [ [ -21.9486398, 64.1429827 ], [ -21.9485555, 64.1430175 ], [ -21.9485951, 64.1430348 ], [ -21.9488384, 64.1431527 ], [ -21.9497163, 64.143601 ], [ -21.9497932, 64.1436347 ], [ -21.9499094, 64.1436665 ], [ -21.9499756, 64.1436955 ], [ -21.950335, 64.143878 ], [ -21.9487043, 64.1430311 ], [ -21.9486398, 64.1429827 ] ] ] } },
{ "type": "Feature", "properties": { "osm_id": 135991162, "osm_class": "landuse", "osm_value": "grass", "name": "" }, "geometry": { "type": "Polygon", "coordinates": [ [ [ -21.9515643, 64.1396375 ], [ -21.9515107, 64.1396282 ], [ -21.9517547, 64.1394082 ], [ -21.951803, 64.1394188 ], [ -21.9515643, 64.1396375 ] ] ] } },
{ "type": "Feature", "properties": { "osm_id": 135991168, "osm_class": "landuse", "osm_value": "grass", "name": "" }, "geometry": { "type": "Polygon", "coordinates": [ [ [ -21.9498316, 64.1411818 ], [ -21.949794, 64.1411689 ], [ -21.9498235, 64.1411397 ], [ -21.9509313, 64.1401523 ], [ -21.9509769, 64.1401652 ], [ -21.9498316, 64.1411818 ] ] ] } },
{ "type": "Feature", "properties": { "osm_id": 135991171, "osm_class": "landuse", "osm_value": "grass", "name": "" }, "geometry": { "type": "Polygon", "coordinates": [ [ [ -21.9518705, 64.1393592 ], [ -21.9518218, 64.1393497 ], [ -21.9520471, 64.1391579 ], [ -21.9520927, 64.1391637 ], [ -21.9518705, 64.1393592 ] ] ] } },
{ "type": "Feature", "properties": { "osm_id": 135991178, "osm_class": "landuse", "osm_value": "grass", "name": "" }, "geometry": { "type": "Polygon", "coordinates": [ [ [ -21.9514534, 64.1399696 ], [ -21.9514356, 64.1399792 ], [ -21.9514007, 64.1399838 ], [ -21.9513756, 64.1399755 ], [ -21.951381, 64.1399638 ], [ -21.9513926, 64.1399546 ], [ -21.9514534, 64.1399696 ] ] ] } },
{ "type": "Feature", "properties": { "osm_id": 135991181, "osm_class": "landuse", "osm_value": "grass", "name": "" }, "geometry": { "type": "Polygon", "coordinates": [ [ [ -21.9492335, 64.1416755 ], [ -21.9492442, 64.1416919 ], [ -21.9492415, 64.1417164 ], [ -21.9488124, 64.1420919 ], [ -21.948689, 64.1421493 ], [ -21.9492335, 64.1416755 ] ] ] } },
{ "type": "Feature", "properties": { "osm_id": 135991185, "osm_class": "landuse", "osm_value": "grass", "name": "" }, "geometry": { "type": "Polygon", "coordinates": [ [ [ -21.9483564, 64.1426662 ], [ -21.948415, 64.1426898 ], [ -21.9484649, 64.1427278 ], [ -21.9484917, 64.1427739 ], [ -21.9484938, 64.1428189 ], [ -21.948462, 64.1428662 ], [ -21.948401, 64.1429021 ], [ -21.9483339, 64.1429228 ], [ -21.9482809, 64.1429321 ], [ -21.9482072, 64.1429373 ], [ -21.9481518, 64.1429359 ], [ -21.9480855, 64.142928 ], [ -21.9480285, 64.1429146 ], [ -21.9479641, 64.1428862 ], [ -21.9479096, 64.1428393 ], [ -21.9478844, 64.1427936 ], [ -21.9478929, 64.1427486 ], [ -21.9479132, 64.14272 ], [ -21.9479489, 64.1426937 ], [ -21.9479988, 64.1426713 ], [ -21.9480407, 64.142659 ], [ -21.9480842, 64.1426504 ], [ -21.9481677, 64.1426428 ], [ -21.9482311, 64.1426441 ], [ -21.9483017, 64.1426529 ], [ -21.9483564, 64.1426662 ] ] ] } },
{ "type": "Feature", "properties": { "osm_id": 135991190, "osm_class": "landuse", "osm_value": "grass", "name": "" }, "geometry": { "type": "Polygon", "coordinates": [ [ [ -21.9540014, 64.1376905 ], [ -21.9540255, 64.1376824 ], [ -21.954047, 64.1376625 ], [ -21.954114, 64.1376005 ], [ -21.9540796, 64.137593 ], [ -21.9540496, 64.1375864 ], [ -21.9539638, 64.1376648 ], [ -21.9539584, 64.1376847 ], [ -21.9540014, 64.1376905 ] ] ] } },
{ "type": "Feature", "properties": { "osm_id": 135991191, "osm_class": "landuse", "osm_value": "grass", "name": "" }, "geometry": { "type": "Polygon", "coordinates": [ [ [ -21.9541516, 64.1375618 ], [ -21.9541209, 64.1375588 ], [ -21.9540818, 64.1375548 ], [ -21.9543715, 64.1372881 ], [ -21.954393, 64.1372717 ], [ -21.9544408, 64.1372659 ], [ -21.9544547, 64.1372705 ], [ -21.9544681, 64.1372846 ], [ -21.9541516, 64.1375618 ] ] ] } },
{ "type": "Feature", "properties": { "osm_id": 135991193, "osm_class": "landuse", "osm_value": "grass", "name": "" }, "geometry": { "type": "Polygon", "coordinates": [ [ [ -21.9485191, 64.1425854 ], [ -21.9484064, 64.1425609 ], [ -21.9485191, 64.1425024 ], [ -21.9486076, 64.1424275 ], [ -21.9499469, 64.1412473 ], [ -21.9500113, 64.1412602 ], [ -21.9485727, 64.1425456 ], [ -21.9485191, 64.1425854 ] ] ] } },
{ "type": "Feature", "properties": { "osm_id": 135991195, "osm_class": "landuse", "osm_value": "grass", "name": "" }, "geometry": { "type": "Polygon", "coordinates": [ [ [ -21.9515584, 64.1400715 ], [ -21.9515375, 64.1400528 ], [ -21.9517216, 64.1398725 ], [ -21.9517628, 64.1398838 ], [ -21.9515584, 64.1400715 ] ] ] } },
{ "type": "Feature", "properties": { "osm_id": 135991197, "osm_class": "landuse", "osm_value": "grass", "name": "" }, "geometry": { "type": "Polygon", "coordinates": [ [ [ -21.9524484, 64.1392513 ], [ -21.9524923, 64.1392632 ], [ -21.9519693, 64.1397323 ], [ -21.9519308, 64.1397239 ], [ -21.9524484, 64.1392513 ] ] ] } },
{ "type": "Feature", "properties": { "osm_id": 135991199, "osm_class": "landuse", "osm_value": "grass", "name": "" }, "geometry": { "type": "Polygon", "coordinates": [ [ [ -21.9512693, 64.1398914 ], [ -21.9512505, 64.1398774 ], [ -21.9514704, 64.1396668 ], [ -21.951516, 64.1396785 ], [ -21.9512693, 64.1398914 ] ] ] } },
{ "type": "Feature", "properties": { "osm_id": 135991201, "osm_class": "landuse", "osm_value": "grass", "name": "" }, "geometry": { "type": "Polygon", "coordinates": [ [ [ -21.9500479, 64.1412308 ], [ -21.9499791, 64.1412181 ], [ -21.9511208, 64.1401896 ], [ -21.9511942, 64.1402026 ], [ -21.9500479, 64.1412308 ] ] ] } },
{ "type": "Feature", "properties": { "osm_id": 135991204, "osm_class": "landuse", "osm_value": "grass", "name": "" }, "geometry": { "type": "Polygon", "coordinates": [ [ [ -21.9524859, 64.139222 ], [ -21.9525299, 64.1392304 ], [ -21.9531522, 64.1386747 ], [ -21.9531146, 64.1386641 ], [ -21.9524859, 64.139222 ] ] ] } },
{ "type": "Feature", "properties": { "osm_id": 135991206, "osm_class": "landuse", "osm_value": "grass", "name": "" }, "geometry": { "type": "Polygon", "coordinates": [ [ [ -21.9521304, 64.139147 ], [ -21.9520701, 64.1391342 ], [ -21.9525343, 64.1387162 ], [ -21.9525507, 64.1387236 ], [ -21.9525614, 64.1387309 ], [ -21.9525641, 64.1387438 ], [ -21.9525549, 64.1387528 ], [ -21.9525655, 64.138755 ], [ -21.9521304, 64.139147 ] ] ] } },
{ "type": "Feature", "properties": { "osm_id": 135991209, "osm_class": "landuse", "osm_value": "grass", "name": "" }, "geometry": { "type": "Polygon", "coordinates": [ [ [ -21.9510198, 64.1401289 ], [ -21.9509689, 64.1401219 ], [ -21.9511807, 64.1399277 ], [ -21.9512375, 64.1399301 ], [ -21.9510198, 64.1401289 ] ] ] } },
{ "type": "Feature", "properties": { "osm_id": 135991213, "osm_class": "landuse", "osm_value": "grass", "name": "" }, "geometry": { "type": "Polygon", "coordinates": [ [ [ -21.9524734, 64.1404509 ], [ -21.9525229, 64.1404063 ], [ -21.9521171, 64.1403207 ], [ -21.9520677, 64.1403653 ], [ -21.9523956, 64.1404345 ], [ -21.9524734, 64.1404509 ] ] ] } },
{ "type": "Feature", "properties": { "osm_id": 135991214, "osm_class": "landuse", "osm_value": "grass", "name": "" }, "geometry": { "type": "Polygon", "coordinates": [ [ [ -21.9512469, 64.1403487 ], [ -21.9512254, 64.140344 ], [ -21.950402, 64.1410775 ], [ -21.9503832, 64.1411149 ], [ -21.9512469, 64.1403487 ] ] ] } },
{ "type": "Feature", "properties": { "osm_id": 135991220, "osm_class": "landuse", "osm_value": "grass", "name": "" }, "geometry": { "type": "Polygon", "coordinates": [ [ [ -21.9493086, 64.1416006 ], [ -21.949381, 64.1415842 ], [ -21.9494266, 64.1415526 ], [ -21.949794, 64.1412227 ], [ -21.9497404, 64.141211 ], [ -21.9493086, 64.1416006 ] ] ] } },
{ "type": "Feature", "properties": { "osm_id": 136387562, "osm_class": "landuse", "osm_value": "grass", "name": "" }, "geometry": { "type": "Polygon", "coordinates": [ [ [ -21.9451637, 64.1411898 ], [ -21.9430393, 64.1400866 ], [ -21.9423286, 64.1397251 ], [ -21.9419691, 64.1395403 ], [ -21.9417017, 64.1394352 ], [ -21.9414944, 64.1393554 ], [ -21.9413852, 64.1393089 ], [ -21.9407648, 64.1390314 ], [ -21.9405503, 64.1389319 ], [ -21.9401372, 64.1387553 ], [ -21.9400862, 64.1387401 ], [ -21.9400648, 64.1387389 ], [ -21.9400514, 64.1387518 ], [ -21.9400728, 64.1387763 ], [ -21.9402338, 64.1388816 ], [ -21.9404725, 64.1389811 ], [ -21.9420952, 64.1396959 ], [ -21.9431708, 64.1402247 ], [ -21.9444368, 64.1408752 ], [ -21.9444985, 64.1408985 ], [ -21.9446119, 64.1409386 ], [ -21.9446916, 64.1409758 ], [ -21.9447908, 64.1410249 ], [ -21.9450886, 64.1411746 ], [ -21.9451395, 64.141191 ], [ -21.9451637, 64.1411898 ] ] ] } },
{ "type": "Feature", "properties": { "osm_id": 136387563, "osm_class": "landuse", "osm_value": "grass", "name": "" }, "geometry": { "type": "Polygon", "coordinates": [ [ [ -21.9452745, 64.1412598 ], [ -21.9451672, 64.1412625 ], [ -21.9469089, 64.1421507 ], [ -21.9469795, 64.1421234 ], [ -21.9452745, 64.1412598 ] ] ] } },
{ "type": "Feature", "properties": { "osm_id": 136387564, "osm_class": "landuse", "osm_value": "grass", "name": "" }, "geometry": { "type": "Polygon", "coordinates": [ [ [ -21.9477654, 64.1425925 ], [ -21.9478244, 64.1425667 ], [ -21.9477635, 64.1425377 ], [ -21.9475937, 64.1424509 ], [ -21.947026, 64.1421479 ], [ -21.94695, 64.1421739 ], [ -21.9477654, 64.1425925 ] ] ] } },
{ "type": "Feature", "properties": { "osm_id": 136504940, "osm_class": "landuse", "osm_value": "grass", "name": "" }, "geometry": { "type": "Polygon", "coordinates": [ [ [ -21.9427444, 64.137294 ], [ -21.9425765, 64.1374198 ], [ -21.942319, 64.1375719 ], [ -21.9419451, 64.1377082 ], [ -21.9415589, 64.1378275 ], [ -21.941237, 64.1379188 ], [ -21.9410654, 64.1380241 ], [ -21.9404914, 64.1382159 ], [ -21.9403074, 64.1383136 ], [ -21.9400445, 64.1383581 ], [ -21.9397833, 64.1383517 ], [ -21.9395741, 64.1383236 ], [ -21.9369133, 64.137184 ], [ -21.9358136, 64.1367698 ], [ -21.9351055, 64.1365311 ], [ -21.9343384, 64.136298 ], [ -21.9340841, 64.1362245 ], [ -21.9337912, 64.1361122 ], [ -21.9338828, 64.1360387 ], [ -21.9351323, 64.1363817 ], [ -21.9358359, 64.1366068 ], [ -21.9364971, 64.1368357 ], [ -21.9388467, 64.1377898 ], [ -21.9401286, 64.1382208 ], [ -21.9406056, 64.1381206 ], [ -21.9421542, 64.1374979 ], [ -21.9425369, 64.1373103 ], [ -21.942727, 64.1372204 ], [ -21.9427444, 64.137294 ] ] ] } },
{ "type": "Feature", "properties": { "osm_id": 138482267, "osm_class": "landuse", "osm_value": "grass", "name": "" }, "geometry": { "type": "Polygon", "coordinates": [ [ [ -21.9548286, 64.1338291 ], [ -21.9541092, 64.1337506 ], [ -21.9541216, 64.1337239 ], [ -21.9536394, 64.1345209 ], [ -21.9521374, 64.1345162 ], [ -21.9519607, 64.1345818 ], [ -21.9530284, 64.1350777 ], [ -21.9527666, 64.1352974 ], [ -21.9531781, 64.1353704 ], [ -21.9533819, 64.1351317 ], [ -21.9537968, 64.1350615 ], [ -21.9551738, 64.1353301 ], [ -21.9549634, 64.1355334 ], [ -21.9549976, 64.1355411 ], [ -21.9551491, 64.13552 ], [ -21.9552022, 64.1355293 ], [ -21.9553545, 64.1353689 ], [ -21.9554937, 64.1352679 ], [ -21.9554082, 64.1352538 ], [ -21.9554318, 64.1352171 ], [ -21.9555462, 64.1349839 ], [ -21.9556057, 64.1349444 ], [ -21.9556319, 64.1348832 ], [ -21.9553954, 64.1348569 ], [ -21.9548694, 64.1347998 ], [ -21.9548928, 64.1347588 ], [ -21.9549322, 64.1346543 ], [ -21.9544779, 64.1345813 ], [ -21.9548286, 64.1338291 ] ] ] } },
{ "type": "Feature", "properties": { "osm_id": 138482284, "osm_class": "landuse", "osm_value": "grass", "name": "" }, "geometry": { "type": "Polygon", "coordinates": [ [ [ -21.9505871, 64.132899 ], [ -21.9508606, 64.1326486 ], [ -21.9497572, 64.1325475 ], [ -21.9496231, 64.1325639 ], [ -21.9495533, 64.1326037 ], [ -21.9494782, 64.1326856 ], [ -21.9505871, 64.132899 ] ] ] } },
{ "type": "Feature", "properties": { "osm_id": 138482290, "osm_class": "landuse", "osm_value": "residential", "name": "" }, "geometry": { "type": "Polygon", "coordinates": [ [ [ -21.9552632, 64.133332 ], [ -21.9545222, 64.1331401 ], [ -21.9537643, 64.1329955 ], [ -21.9529942, 64.1328587 ], [ -21.9526731, 64.1328105 ], [ -21.9525941, 64.1327986 ], [ -21.9525684, 64.1327948 ], [ -21.9522051, 64.1327402 ], [ -21.9509284, 64.1325707 ], [ -21.9508606, 64.1326486 ], [ -21.9505871, 64.132899 ], [ -21.9494782, 64.1326856 ], [ -21.949387, 64.1327932 ], [ -21.9495195, 64.1328148 ], [ -21.9489616, 64.1333999 ], [ -21.9488007, 64.1334982 ], [ -21.9485019, 64.1337388 ], [ -21.9483517, 64.1336966 ], [ -21.9474719, 64.1341015 ], [ -21.9474022, 64.1341413 ], [ -21.9481141, 64.1344296 ], [ -21.9488222, 64.1347362 ], [ -21.9489592, 64.1347732 ], [ -21.9494609, 64.1344851 ], [ -21.9498344, 64.1343058 ], [ -21.9498644, 64.1343083 ], [ -21.9519644, 64.1344384 ], [ -21.9520225, 64.1344828 ], [ -21.9521374, 64.1345162 ], [ -21.9536538, 64.134547 ], [ -21.9548276, 64.1347926 ], [ -21.9567224, 64.1349898 ], [ -21.9572154, 64.1344408 ], [ -21.9550438, 64.1339814 ], [ -21.9548325, 64.1339548 ], [ -21.9552359, 64.1333705 ], [ -21.9552632, 64.133332 ] ] ] } },
{ "type": "Feature", "properties": { "osm_id": 139129302, "osm_class": "building", "osm_value": "apartments", "name": "" }, "geometry": { "type": "Polygon", "coordinates": [ [ [ -21.9514189, 64.1329439 ], [ -21.9513226, 64.133024 ], [ -21.9509301, 64.1329471 ], [ -21.9510007, 64.1328785 ], [ -21.9510289, 64.1328511 ], [ -21.951153, 64.1328754 ], [ -21.9511413, 64.1328868 ], [ -21.9512395, 64.132906 ], [ -21.9512593, 64.1328868 ], [ -21.951436, 64.1329248 ], [ -21.9514189, 64.1329439 ] ] ] } },
{ "type": "Feature", "properties": { "osm_id": 139129303, "osm_class": "building", "osm_value": "garage", "name": "" }, "geometry": { "type": "Polygon", "coordinates": [ [ [ -21.9480498, 64.1342414 ], [ -21.9479935, 64.1342297 ], [ -21.9478916, 64.134321 ], [ -21.947964, 64.1343549 ], [ -21.9480096, 64.1343163 ], [ -21.9479935, 64.1342952 ], [ -21.9480498, 64.1342414 ] ] ] } },
{ "type": "Feature", "properties": { "osm_id": 139129305, "osm_class": "landuse", "osm_value": "grass", "name": "" }, "geometry": { "type": "Polygon", "coordinates": [ [ [ -21.9487284, 64.1342402 ], [ -21.948833, 64.134122 ], [ -21.9486372, 64.1340776 ], [ -21.9485889, 64.1341302 ], [ -21.9486077, 64.1341525 ], [ -21.9485889, 64.1341665 ], [ -21.9485407, 64.1341747 ], [ -21.9484843, 64.1341887 ], [ -21.9487284, 64.1342402 ] ] ] } },
{ "type": "Feature", "properties": { "osm_id": 139129307, "osm_class": "landuse", "osm_value": "grass", "name": "" }, "geometry": { "type": "Polygon", "coordinates": [ [ [ -21.9497468, 64.1324569 ], [ -21.9503458, 64.1325034 ], [ -21.9499327, 64.1324075 ], [ -21.9498523, 64.1323934 ], [ -21.9497611, 64.1323887 ], [ -21.9496994, 64.1323995 ], [ -21.9496752, 64.1324309 ], [ -21.9497468, 64.1324569 ] ] ] } },
{ "type": "Feature", "properties": { "osm_id": 139129308, "osm_class": "landuse", "osm_value": "grass", "name": "" }, "geometry": { "type": "Polygon", "coordinates": [ [ [ -21.9493992, 64.1324207 ], [ -21.9481839, 64.1323349 ], [ -21.9480552, 64.1323185 ], [ -21.947964, 64.1322764 ], [ -21.9478996, 64.1322062 ], [ -21.9479211, 64.1321594 ], [ -21.947964, 64.1321219 ], [ -21.9480176, 64.1320962 ], [ -21.9481035, 64.1320611 ], [ -21.9482322, 64.1320447 ], [ -21.9483609, 64.13204 ], [ -21.9487794, 64.1321266 ], [ -21.9494606, 64.1323045 ], [ -21.9495143, 64.1323396 ], [ -21.9495143, 64.13237 ], [ -21.9494741, 64.1324089 ], [ -21.9493992, 64.1324207 ] ] ] } },
{ "type": "Feature", "properties": { "osm_id": 139129310, "osm_class": "building", "osm_value": "apartments", "name": "" }, "geometry": { "type": "Polygon", "coordinates": [ [ [ -21.9517079, 64.1329933 ], [ -21.9514189, 64.1329439 ], [ -21.951436, 64.1329248 ], [ -21.9514861, 64.1329333 ], [ -21.9515418, 64.1328714 ], [ -21.9516399, 64.1328882 ], [ -21.951614, 64.132917 ], [ -21.9517548, 64.1329411 ], [ -21.9517079, 64.1329933 ] ] ] } },
{ "type": "Feature", "properties": { "osm_id": 139129312, "osm_class": "landuse", "osm_value": "grass", "name": "" }, "geometry": { "type": "Polygon", "coordinates": [ [ [ -21.9488169, 64.1342648 ], [ -21.9487686, 64.1342578 ], [ -21.9488732, 64.1341314 ], [ -21.9489457, 64.1341431 ], [ -21.9488169, 64.1342648 ] ] ] } },
{ "type": "Feature", "properties": { "osm_id": 139129314, "osm_class": "landuse", "osm_value": "grass", "name": "" }, "geometry": { "type": "Polygon", "coordinates": [ [ [ -21.950413, 64.1324314 ], [ -21.9508927, 64.1325081 ], [ -21.9516812, 64.1326228 ], [ -21.9525288, 64.1327515 ], [ -21.9525682, 64.1327096 ], [ -21.9514068, 64.1324933 ], [ -21.9505254, 64.1323267 ], [ -21.950413, 64.1324314 ] ] ] } },
{ "type": "Feature", "properties": { "osm_id": 161083137, "osm_class": "landuse", "osm_value": "grass", "name": "" }, "geometry": { "type": "Polygon", "coordinates": [ [ [ -21.9443342, 64.1357132 ], [ -21.9445309, 64.1356245 ], [ -21.9446651, 64.1355637 ], [ -21.9449345, 64.1354421 ], [ -21.9450291, 64.1354821 ], [ -21.9444276, 64.1357527 ], [ -21.9443342, 64.1357132 ] ] ] } },
{ "type": "Feature", "properties": { "osm_id": 161083146, "osm_class": "landuse", "osm_value": "grass", "name": "" }, "geometry": { "type": "Polygon", "coordinates": [ [ [ -21.9454914, 64.1351951 ], [ -21.9454357, 64.1352203 ], [ -21.9455574, 64.1352706 ], [ -21.94653, 64.1348222 ], [ -21.946414, 64.1347783 ], [ -21.9454914, 64.1351951 ] ] ] } },
{ "type": "Feature", "properties": { "osm_id": 161083184, "osm_class": "landuse", "osm_value": "grass", "name": "" }, "geometry": { "type": "Polygon", "coordinates": [ [ [ -21.944332, 64.1358126 ], [ -21.9442188, 64.1357653 ], [ -21.9439661, 64.1356588 ], [ -21.9462566, 64.1346241 ], [ -21.9464611, 64.1347102 ], [ -21.946569, 64.1347525 ], [ -21.946621, 64.1347962 ], [ -21.9466226, 64.1348532 ], [ -21.9465084, 64.1349225 ], [ -21.9463437, 64.1349795 ], [ -21.9464011, 64.1350091 ], [ -21.9464011, 64.1350489 ], [ -21.946451, 64.1350755 ], [ -21.9465996, 64.1350536 ], [ -21.947077, 64.1351191 ], [ -21.9474917, 64.135251 ], [ -21.9474434, 64.1353306 ], [ -21.947313, 64.135407 ], [ -21.9470406, 64.1355259 ], [ -21.9471278, 64.1355831 ], [ -21.9478189, 64.1352557 ], [ -21.9477063, 64.1352299 ], [ -21.9476526, 64.1351925 ], [ -21.9475936, 64.1351855 ], [ -21.9475624, 64.1351619 ], [ -21.946293, 64.1346031 ], [ -21.9461774, 64.1345513 ], [ -21.9443412, 64.1353672 ], [ -21.9444059, 64.1353931 ], [ -21.9440715, 64.1355397 ], [ -21.9440048, 64.1355178 ], [ -21.9437779, 64.1356316 ], [ -21.9437527, 64.1356465 ], [ -21.9437312, 64.1357471 ], [ -21.9438262, 64.1358235 ], [ -21.9439549, 64.1358633 ], [ -21.9440263, 64.1358805 ], [ -21.9441282, 64.1358899 ], [ -21.9442247, 64.1358828 ], [ -21.9442569, 64.1358594 ], [ -21.944332, 64.1358126 ] ] ] } },
{ "type": "Feature", "properties": { "osm_id": 161083193, "osm_class": "landuse", "osm_value": "grass", "name": "" }, "geometry": { "type": "Polygon", "coordinates": [ [ [ -21.9452593, 64.1352954 ], [ -21.945, 64.1354125 ], [ -21.9451067, 64.1354572 ], [ -21.9453645, 64.1353401 ], [ -21.9452593, 64.1352954 ] ] ] } },
{ "type": "Feature", "properties": { "osm_id": 191290101, "osm_class": "leisure", "osm_value": "playground", "name": "" }, "geometry": { "type": "Polygon", "coordinates": [ [ [ -21.9510079, 64.1344495 ], [ -21.9507039, 64.134419 ], [ -21.9500933, 64.1343578 ], [ -21.949986, 64.134347 ], [ -21.9498951, 64.134338 ], [ -21.9498487, 64.1343334 ], [ -21.9499374, 64.1342935 ], [ -21.9499324, 64.1342876 ], [ -21.9499417, 64.134285 ], [ -21.949968, 64.1342749 ], [ -21.950634, 64.1339799 ], [ -21.9510079, 64.1344495 ] ] ] } },
{ "type": "Feature", "properties": { "osm_id": 204538812, "osm_class": "building", "osm_value": "commercial", "name": "" }, "geometry": { "type": "Polygon", "coordinates": [ [ [ -21.950742, 64.1435942 ], [ -21.9507589, 64.1436323 ], [ -21.950709, 64.1436644 ], [ -21.9506217, 64.1436718 ], [ -21.950548, 64.1436501 ], [ -21.9505312, 64.143612 ], [ -21.950581, 64.1435798 ], [ -21.9506683, 64.1435725 ], [ -21.950742, 64.1435942 ] ] ] } },
{ "type": "Feature", "properties": { "osm_id": 225046045, "osm_class": "landuse", "osm_value": "grass", "name": "" }, "geometry": { "type": "Polygon", "coordinates": [ [ [ -21.9401031, 64.1250284 ], [ -21.9402463, 64.1249917 ], [ -21.9403209, 64.1249576 ], [ -21.9403489, 64.1249278 ], [ -21.9403415, 64.1248993 ], [ -21.9403181, 64.124866 ], [ -21.9402752, 64.1248423 ], [ -21.9402043, 64.1248236 ], [ -21.9400178, 64.124787 ], [ -21.9397408, 64.1247324 ], [ -21.9396027, 64.1247023 ], [ -21.9391494, 64.1246062 ], [ -21.9390533, 64.1245855 ], [ -21.9387818, 64.1245346 ], [ -21.9385384, 64.1244784 ], [ -21.9383033, 64.1244442 ], [ -21.9381718, 64.1244255 ], [ -21.9379228, 64.1244263 ], [ -21.9377241, 64.1244365 ], [ -21.9375403, 64.1244491 ], [ -21.9374694, 64.1244634 ], [ -21.9374088, 64.1244817 ], [ -21.9373351, 64.1245659 ], [ -21.9373174, 64.1246225 ], [ -21.937322, 64.1246693 ], [ -21.9373454, 64.1247674 ], [ -21.937392, 64.1250036 ], [ -21.9374153, 64.1251981 ], [ -21.9374502, 64.1253576 ], [ -21.9375662, 64.1259183 ], [ -21.9377325, 64.126783 ], [ -21.9378116, 64.1273287 ], [ -21.938028, 64.128275 ], [ -21.9380464, 64.1284362 ], [ -21.9380807, 64.1284926 ], [ -21.9381757, 64.1285179 ], [ -21.9384079, 64.128564 ], [ -21.9387403, 64.1286423 ], [ -21.9396611, 64.1288357 ], [ -21.9406821, 64.1290521 ], [ -21.9412863, 64.129181 ], [ -21.9413839, 64.1291972 ], [ -21.9414222, 64.1291962 ], [ -21.9414688, 64.1291878 ], [ -21.9415658, 64.1291514 ], [ -21.9457219, 64.127433 ], [ -21.9465957, 64.1270693 ], [ -21.9470284, 64.1272591 ], [ -21.9420297, 64.1293518 ], [ -21.9425057, 64.1294537 ], [ -21.9436847, 64.1297166 ], [ -21.9448358, 64.12996 ], [ -21.9457574, 64.1301676 ], [ -21.9476379, 64.1305811 ], [ -21.9490464, 64.1308741 ], [ -21.9512067, 64.1313373 ], [ -21.9526917, 64.1316547 ], [ -21.9542812, 64.1320006 ], [ -21.9553837, 64.1322448 ], [ -21.9555647, 64.1322823 ], [ -21.9556897, 64.1321765 ], [ -21.9557867, 64.1321952 ], [ -21.955671, 64.132301 ], [ -21.9557475, 64.132327 ], [ -21.9558725, 64.1323384 ], [ -21.9570049, 64.1325916 ], [ -21.9571864, 64.132623 ], [ -21.9583033, 64.1328608 ], [ -21.957756, 64.1333413 ], [ -21.9566612, 64.1331015 ], [ -21.956421, 64.1330417 ], [ -21.9551375, 64.1327657 ], [ -21.9550274, 64.1328683 ], [ -21.9549304, 64.1328488 ], [ -21.9550423, 64.1327454 ], [ -21.9549863, 64.1327202 ], [ -21.9548688, 64.1326982 ], [ -21.9548073, 64.1326974 ], [ -21.9535573, 64.1324271 ], [ -21.95105, 64.1318891 ], [ -21.9509026, 64.1318598 ], [ -21.9505649, 64.1321569 ], [ -21.9504418, 64.1321301 ], [ -21.9507832, 64.131833 ], [ -21.9492833, 64.1315212 ], [ -21.9481285, 64.1312599 ], [ -21.9478468, 64.1312274 ], [ -21.9476911, 64.1312798 ], [ -21.9475027, 64.1313596 ], [ -21.9474262, 64.1314499 ], [ -21.9475046, 64.1315378 ], [ -21.9475102, 64.1316152 ], [ -21.9474076, 64.1316721 ], [ -21.9474411, 64.1316998 ], [ -21.9478947, 64.131777 ], [ -21.9487845, 64.1319946 ], [ -21.9505254, 64.1323267 ], [ -21.9514068, 64.1324933 ], [ -21.9525682, 64.1327096 ], [ -21.953218, 64.1328307 ], [ -21.953942, 64.132972 ], [ -21.9546694, 64.1331103 ], [ -21.9562484, 64.1334968 ], [ -21.9572607, 64.1337429 ], [ -21.9578393, 64.1337919 ], [ -21.9580248, 64.1337972 ], [ -21.9581058, 64.1337288 ], [ -21.9582298, 64.1336138 ], [ -21.9583909, 64.133466 ], [ -21.9585026, 64.13333 ], [ -21.9585948, 64.1331602 ], [ -21.9586409, 64.1330378 ], [ -21.9586572, 64.1329682 ], [ -21.9586715, 64.1328742 ], [ -21.958671, 64.1327828 ], [ -21.9586686, 64.1327054 ], [ -21.9586549, 64.1326268 ], [ -21.95853, 64.1325368 ], [ -21.9583081, 64.1323859 ], [ -21.9581893, 64.1323046 ], [ -21.9580825, 64.1322339 ], [ -21.9571029, 64.1320305 ], [ -21.9566236, 64.1319311 ], [ -21.9561399, 64.1318326 ], [ -21.9557276, 64.1317489 ], [ -21.9553188, 64.1316644 ], [ -21.9547015, 64.1315397 ], [ -21.9539356, 64.1313332 ], [ -21.9535051, 64.1312174 ], [ -21.9531431, 64.1311171 ], [ -21.9524399, 64.1304189 ], [ -21.9519036, 64.1302821 ], [ -21.9519896, 64.1302195 ], [ -21.9495868, 64.1296098 ], [ -21.9474152, 64.1290522 ], [ -21.9464545, 64.1288063 ], [ -21.946294, 64.1287656 ], [ -21.9462306, 64.1287429 ], [ -21.9461896, 64.1287192 ], [ -21.9461616, 64.1286899 ], [ -21.9461541, 64.1286639 ], [ -21.9461579, 64.1286297 ], [ -21.946184, 64.1286012 ], [ -21.946641, 64.1282251 ], [ -21.9468369, 64.1280656 ], [ -21.9468006, 64.1280569 ], [ -21.9468152, 64.1280448 ], [ -21.9468125, 64.1280394 ], [ -21.9467993, 64.1280362 ], [ -21.946827, 64.1280109 ], [ -21.9468481, 64.1280161 ], [ -21.9468567, 64.1280135 ], [ -21.9469374, 64.1279555 ], [ -21.9469629, 64.1279625 ], [ -21.9471911, 64.1277849 ], [ -21.9471707, 64.1277769 ], [ -21.9472828, 64.1276856 ], [ -21.9473039, 64.127679 ], [ -21.9473092, 64.1276707 ], [ -21.9473501, 64.1276707 ], [ -21.9477999, 64.1273325 ], [ -21.9479892, 64.1271886 ], [ -21.948104, 64.1270945 ], [ -21.9481719, 64.1270395 ], [ -21.9482108, 64.1270021 ], [ -21.9482893, 64.1269249 ], [ -21.9483507, 64.1268567 ], [ -21.9484001, 64.1268029 ], [ -21.9484826, 64.1266941 ], [ -21.9485881, 64.1265346 ], [ -21.9486079, 64.1264866 ], [ -21.9485756, 64.1264615 ], [ -21.9485518, 64.1264451 ], [ -21.9485208, 64.1264293 ], [ -21.9484621, 64.1264158 ], [ -21.9483474, 64.1263927 ], [ -21.9482049, 64.1263616 ], [ -21.9480215, 64.1263257 ], [ -21.9478718, 64.1262983 ], [ -21.9476515, 64.12625 ], [ -21.9475005, 64.1262206 ], [ -21.9472703, 64.126178 ], [ -21.9470922, 64.1261403 ], [ -21.9468613, 64.1260908 ], [ -21.9460695, 64.1259449 ], [ -21.9454705, 64.1260883 ], [ -21.9454971, 64.1262043 ], [ -21.9454896, 64.1263826 ], [ -21.9454486, 64.1265372 ], [ -21.9453833, 64.1266675 ], [ -21.9452788, 64.1269028 ], [ -21.9451202, 64.1272691 ], [ -21.9450382, 64.1273424 ], [ -21.9448045, 64.127738 ], [ -21.9447198, 64.127778 ], [ -21.9448167, 64.127427 ], [ -21.9446203, 64.1273538 ], [ -21.9440345, 64.1273017 ], [ -21.9440363, 64.1272618 ], [ -21.9440755, 64.1272455 ], [ -21.9446184, 64.127296 ], [ -21.9447098, 64.1272854 ], [ -21.9447602, 64.1272699 ], [ -21.944818, 64.1272569 ], [ -21.9448311, 64.1272105 ], [ -21.9449001, 64.1271177 ], [ -21.9449262, 64.1270851 ], [ -21.9448628, 64.1270265 ], [ -21.9447602, 64.1270062 ], [ -21.9442173, 64.126963 ], [ -21.94393, 64.1269362 ], [ -21.9435364, 64.127138 ], [ -21.9435084, 64.12723 ], [ -21.9437658, 64.1275386 ], [ -21.9438927, 64.1278097 ], [ -21.9437976, 64.1278422 ], [ -21.9437323, 64.1276729 ], [ -21.9436147, 64.1274897 ], [ -21.9434692, 64.1273171 ], [ -21.9433647, 64.1272186 ], [ -21.9430271, 64.1270159 ], [ -21.9427304, 64.1269744 ], [ -21.9426316, 64.1269264 ], [ -21.9425383, 64.1268189 ], [ -21.9424058, 64.1267212 ], [ -21.9422566, 64.1267139 ], [ -21.9422211, 64.1266097 ], [ -21.9422286, 64.1265234 ], [ -21.9422976, 64.1264518 ], [ -21.9424021, 64.1263663 ], [ -21.9425663, 64.1263012 ], [ -21.9428331, 64.12635 ], [ -21.943001, 64.1263467 ], [ -21.9430047, 64.1262987 ], [ -21.9431577, 64.126293 ], [ -21.9432901, 64.1263614 ], [ -21.9434226, 64.1264461 ], [ -21.9435177, 64.1264737 ], [ -21.9437872, 64.1265027 ], [ -21.9436409, 64.126776 ], [ -21.9448255, 64.126906 ], [ -21.9448852, 64.126928 ], [ -21.9449337, 64.1269264 ], [ -21.9450046, 64.1269068 ], [ -21.9450475, 64.12688 ], [ -21.94504, 64.1268458 ], [ -21.9449859, 64.1268328 ], [ -21.9450531, 64.1266789 ], [ -21.9449411, 64.1266504 ], [ -21.9443796, 64.1265877 ], [ -21.944402, 64.1265324 ], [ -21.9450811, 64.1265861 ], [ -21.9451631, 64.1264021 ], [ -21.945221, 64.1263858 ], [ -21.9452658, 64.1262995 ], [ -21.9452098, 64.1262661 ], [ -21.9452247, 64.1261733 ], [ -21.9448777, 64.1262238 ], [ -21.9448544, 64.1262182 ], [ -21.9448236, 64.1261881 ], [ -21.9448012, 64.1261861 ], [ -21.9445317, 64.1262219 ], [ -21.9442798, 64.1262565 ], [ -21.9441949, 64.1261348 ], [ -21.9444402, 64.1261022 ], [ -21.9444645, 64.1261335 ], [ -21.9450008, 64.1260623 ], [ -21.9449673, 64.1260322 ], [ -21.9450587, 64.1260131 ], [ -21.9449411, 64.1259105 ], [ -21.9448413, 64.1258372 ], [ -21.9447406, 64.1257802 ], [ -21.9445214, 64.1257257 ], [ -21.9436502, 64.1255505 ], [ -21.9431859, 64.1254538 ], [ -21.9430744, 64.1255522 ], [ -21.9431213, 64.1255615 ], [ -21.9430253, 64.1256492 ], [ -21.9429884, 64.125642 ], [ -21.9429561, 64.1256731 ], [ -21.9429238, 64.1257053 ], [ -21.9429455, 64.1257102 ], [ -21.9428967, 64.1257589 ], [ -21.9426355, 64.1257096 ], [ -21.942687, 64.1256598 ], [ -21.9427199, 64.1256656 ], [ -21.9427575, 64.1256339 ], [ -21.9427892, 64.1256034 ], [ -21.9427509, 64.1255954 ], [ -21.9428433, 64.125507 ], [ -21.9429528, 64.1254017 ], [ -21.9427041, 64.1253449 ], [ -21.9425082, 64.1253061 ], [ -21.9417576, 64.1251661 ], [ -21.9412688, 64.1250667 ], [ -21.9411942, 64.1251823 ], [ -21.9412091, 64.1255227 ], [ -21.9412502, 64.1256578 ], [ -21.9413849, 64.1257566 ], [ -21.9414034, 64.1258464 ], [ -21.941501, 64.1259109 ], [ -21.9416303, 64.1260088 ], [ -21.9416224, 64.126094 ], [ -21.9415643, 64.1261608 ], [ -21.9414271, 64.1261987 ], [ -21.9412873, 64.1262195 ], [ -21.9410551, 64.1262045 ], [ -21.9408915, 64.1261861 ], [ -21.9408124, 64.1261469 ], [ -21.9407755, 64.1260928 ], [ -21.9407385, 64.1260111 ], [ -21.9407886, 64.1259178 ], [ -21.9408098, 64.1258591 ], [ -21.9408493, 64.1258027 ], [ -21.9409232, 64.1256634 ], [ -21.9409153, 64.1255252 ], [ -21.9408863, 64.1253433 ], [ -21.9407205, 64.125272 ], [ -21.9405213, 64.1253098 ], [ -21.9391891, 64.1256792 ], [ -21.9387607, 64.1253693 ], [ -21.9400605, 64.1249999 ], [ -21.9401031, 64.1250284 ] ] ] } },
{ "type": "Feature", "properties": { "osm_id": 233642418, "osm_class": "building", "osm_value": "apartments", "name": "" }, "geometry": { "type": "Polygon", "coordinates": [ [ [ -21.9513416, 64.1440425 ], [ -21.9512629, 64.1440717 ], [ -21.9512865, 64.1440838 ], [ -21.9512063, 64.1441136 ], [ -21.9514137, 64.1442198 ], [ -21.9514943, 64.1441899 ], [ -21.9514705, 64.1441777 ], [ -21.9515489, 64.1441486 ], [ -21.9513416, 64.1440425 ] ] ] } },
{ "type": "Feature", "properties": { "osm_id": 233642420, "osm_class": "building", "osm_value": "apartments", "name": "" }, "geometry": { "type": "Polygon", "coordinates": [ [ [ -21.9515489, 64.1441486 ], [ -21.951764, 64.1442588 ], [ -21.9516845, 64.1442883 ], [ -21.9517105, 64.1443016 ], [ -21.9516311, 64.1443311 ], [ -21.9514137, 64.1442198 ], [ -21.9514943, 64.1441899 ], [ -21.9514705, 64.1441777 ], [ -21.9515489, 64.1441486 ] ] ] } },
{ "type": "Feature", "properties": { "osm_id": 234057990, "osm_class": "building", "osm_value": "detached", "name": "" }, "geometry": { "type": "Polygon", "coordinates": [ [ [ -21.9534376, 64.1332083 ], [ -21.9533253, 64.1331968 ], [ -21.953283, 64.1332754 ], [ -21.9533953, 64.1332869 ], [ -21.9533994, 64.1332794 ], [ -21.9534268, 64.1332822 ], [ -21.9534398, 64.1332581 ], [ -21.9534123, 64.1332553 ], [ -21.9534376, 64.1332083 ] ] ] } },
{ "type": "Feature", "properties": { "osm_id": 234057991, "osm_class": "building", "osm_value": "apartments", "name": "" }, "geometry": { "type": "Polygon", "coordinates": [ [ [ -21.9537925, 64.1332607 ], [ -21.9537562, 64.1333283 ], [ -21.9538691, 64.1333398 ], [ -21.9538602, 64.1333565 ], [ -21.9539382, 64.1333644 ], [ -21.9539425, 64.1333564 ], [ -21.9540007, 64.1333624 ], [ -21.9540209, 64.1333247 ], [ -21.9539705, 64.1333196 ], [ -21.9539912, 64.133281 ], [ -21.9537925, 64.1332607 ] ] ] } },
{ "type": "Feature", "properties": { "osm_id": 234057998, "osm_class": "building", "osm_value": "detached", "name": "" }, "geometry": { "type": "Polygon", "coordinates": [ [ [ -21.9503488, 64.1334654 ], [ -21.9505676, 64.1335074 ], [ -21.9504983, 64.133576 ], [ -21.9503499, 64.1335475 ], [ -21.9503592, 64.1335382 ], [ -21.9502907, 64.133525 ], [ -21.9503006, 64.1335152 ], [ -21.9503488, 64.1334654 ] ] ] } },
{ "type": "Feature", "properties": { "osm_id": 234058000, "osm_class": "building", "osm_value": "dormitory", "name": "Hjónagarðar" }, "geometry": { "type": "Polygon", "coordinates": [ [ [ -21.9546055, 64.1358739 ], [ -21.954288, 64.1361658 ], [ -21.9544361, 64.1361964 ], [ -21.9544647, 64.1361702 ], [ -21.9545464, 64.1361871 ], [ -21.954517, 64.1362142 ], [ -21.9545241, 64.1362156 ], [ -21.9546813, 64.1362482 ], [ -21.9549396, 64.1360106 ], [ -21.9549996, 64.1359555 ], [ -21.9546244, 64.1358778 ], [ -21.9546055, 64.1358739 ] ] ] } },
{ "type": "Feature", "properties": { "osm_id": 234058001, "osm_class": "building", "osm_value": "dormitory", "name": "" }, "geometry": { "type": "Polygon", "coordinates": [ [ [ -21.953378, 64.1357234 ], [ -21.9529827, 64.1357078 ], [ -21.9530221, 64.1356771 ], [ -21.9530005, 64.1356689 ], [ -21.9530325, 64.1356431 ], [ -21.953054, 64.1356472 ], [ -21.9531056, 64.1355985 ], [ -21.9530859, 64.135594 ], [ -21.9531413, 64.1355461 ], [ -21.9531638, 64.1355498 ], [ -21.9531948, 64.1355186 ], [ -21.9532323, 64.1355244 ], [ -21.9532577, 64.1355006 ], [ -21.9531695, 64.1354814 ], [ -21.9532042, 64.1354503 ], [ -21.9531854, 64.1354482 ], [ -21.9532398, 64.1353962 ], [ -21.9532633, 64.1354016 ], [ -21.9533233, 64.1353451 ], [ -21.9533027, 64.135341 ], [ -21.9533599, 64.1352886 ], [ -21.9533825, 64.1352914 ], [ -21.9534416, 64.135239 ], [ -21.9534228, 64.1352341 ], [ -21.9534538, 64.1352063 ], [ -21.9535439, 64.1352251 ], [ -21.953603, 64.1351772 ], [ -21.95371, 64.1351625 ], [ -21.953816, 64.1351866 ], [ -21.9538227, 64.1351949 ], [ -21.9538554, 64.1352354 ], [ -21.9537989, 64.1352864 ], [ -21.9537334, 64.1353443 ], [ -21.9537531, 64.1353483 ], [ -21.9536931, 64.1354012 ], [ -21.9536724, 64.1353958 ], [ -21.9536096, 64.1354531 ], [ -21.9536311, 64.1354576 ], [ -21.9535739, 64.1355076 ], [ -21.9535533, 64.1355035 ], [ -21.9534959, 64.1355527 ], [ -21.9534686, 64.1355466 ], [ -21.9534524, 64.1355606 ], [ -21.95344, 64.1355712 ], [ -21.9535283, 64.1355908 ], [ -21.9534686, 64.1356419 ], [ -21.9534949, 64.1356478 ], [ -21.9534379, 64.1356966 ], [ -21.9534146, 64.1356915 ], [ -21.953378, 64.1357234 ] ] ] } },
{ "type": "Feature", "properties": { "osm_id": 234058003, "osm_class": "building", "osm_value": "dormitory", "name": "" }, "geometry": { "type": "Polygon", "coordinates": [ [ [ -21.9517479, 64.1356131 ], [ -21.9517257, 64.1356324 ], [ -21.9516753, 64.1356776 ], [ -21.9519145, 64.1357283 ], [ -21.9519436, 64.1357022 ], [ -21.9521217, 64.1357399 ], [ -21.9520924, 64.1357662 ], [ -21.9523422, 64.1358192 ], [ -21.9524517, 64.135718 ], [ -21.9523735, 64.1357014 ], [ -21.9523885, 64.135688 ], [ -21.9523356, 64.1356768 ], [ -21.9523215, 64.1356895 ], [ -21.9521417, 64.1356514 ], [ -21.952158, 64.1356368 ], [ -21.9521043, 64.1356254 ], [ -21.9520897, 64.1356386 ], [ -21.9519141, 64.1356014 ], [ -21.9519285, 64.1355885 ], [ -21.9518715, 64.1355764 ], [ -21.9518568, 64.1355896 ], [ -21.9517899, 64.1355754 ], [ -21.9517479, 64.1356131 ] ] ] } },
{ "type": "Feature", "properties": { "osm_id": 234448848, "osm_class": "building", "osm_value": "yes", "name": "" }, "geometry": { "type": "Polygon", "coordinates": [ [ [ -21.9543734, 64.142295 ], [ -21.9542066, 64.1423541 ], [ -21.954115, 64.1423049 ], [ -21.9541039, 64.1423088 ], [ -21.954066, 64.1422884 ], [ -21.9540765, 64.1422847 ], [ -21.954006, 64.1422468 ], [ -21.9541734, 64.1421875 ], [ -21.9543734, 64.142295 ] ] ] } },
{ "type": "Feature", "properties": { "osm_id": 234448849, "osm_class": "building", "osm_value": "yes", "name": "" }, "geometry": { "type": "Polygon", "coordinates": [ [ [ -21.9542066, 64.1423541 ], [ -21.954278, 64.1423925 ], [ -21.9542672, 64.1423963 ], [ -21.9543033, 64.1424157 ], [ -21.9543144, 64.1424118 ], [ -21.954425, 64.1424712 ], [ -21.954526, 64.1424354 ], [ -21.9545067, 64.142425 ], [ -21.9545722, 64.1424019 ], [ -21.9543734, 64.142295 ], [ -21.9542066, 64.1423541 ] ] ] } },
{ "type": "Feature", "properties": { "osm_id": 234448869, "osm_class": "building", "osm_value": "apartments", "name": "" }, "geometry": { "type": "Polygon", "coordinates": [ [ [ -21.951836, 64.1435954 ], [ -21.9517513, 64.1435503 ], [ -21.9517387, 64.1435548 ], [ -21.9517001, 64.1435342 ], [ -21.9517136, 64.1435294 ], [ -21.9516298, 64.1434847 ], [ -21.9517836, 64.1434299 ], [ -21.9518262, 64.1434526 ], [ -21.9518466, 64.1434453 ], [ -21.9519659, 64.1435089 ], [ -21.9519459, 64.1435161 ], [ -21.951991, 64.1435401 ], [ -21.951836, 64.1435954 ] ] ] } },
{ "type": "Feature", "properties": { "osm_id": 234448881, "osm_class": "building", "osm_value": "apartments", "name": "" }, "geometry": { "type": "Polygon", "coordinates": [ [ [ -21.951836, 64.1435954 ], [ -21.951991, 64.1435401 ], [ -21.9520364, 64.1435643 ], [ -21.9520518, 64.1435588 ], [ -21.9521652, 64.1436193 ], [ -21.9521502, 64.1436246 ], [ -21.9521963, 64.1436492 ], [ -21.9520391, 64.1437052 ], [ -21.9519547, 64.1436602 ], [ -21.9519427, 64.1436645 ], [ -21.9519039, 64.1436439 ], [ -21.9519176, 64.143639 ], [ -21.951836, 64.1435954 ] ] ] } },
{ "type": "Feature", "properties": { "osm_id": 234448900, "osm_class": "building", "osm_value": "yes", "name": "" }, "geometry": { "type": "Polygon", "coordinates": [ [ [ -21.9542802, 64.1435717 ], [ -21.954127, 64.1436255 ], [ -21.954045, 64.1435811 ], [ -21.9540642, 64.1435743 ], [ -21.9540167, 64.1435486 ], [ -21.9541715, 64.1434942 ], [ -21.9542589, 64.1435415 ], [ -21.954238, 64.1435488 ], [ -21.9542802, 64.1435717 ] ] ] } },
{ "type": "Feature", "properties": { "osm_id": 234448903, "osm_class": "building", "osm_value": "apartments", "name": "" }, "geometry": { "type": "Polygon", "coordinates": [ [ [ -21.9539194, 64.1440807 ], [ -21.953723, 64.1439739 ], [ -21.9539221, 64.1439042 ], [ -21.9539843, 64.1439381 ], [ -21.9540017, 64.143932 ], [ -21.9540383, 64.1439519 ], [ -21.9540425, 64.1439504 ], [ -21.9541178, 64.1439914 ], [ -21.9540248, 64.1440239 ], [ -21.9540403, 64.1440323 ], [ -21.953998, 64.1440471 ], [ -21.9540048, 64.1440508 ], [ -21.9539194, 64.1440807 ] ] ] } },
{ "type": "Feature", "properties": { "osm_id": 234448969, "osm_class": "building", "osm_value": "yes", "name": "" }, "geometry": { "type": "Polygon", "coordinates": [ [ [ -21.9527269, 64.1431017 ], [ -21.9526463, 64.14313 ], [ -21.9526668, 64.1431411 ], [ -21.9525983, 64.1431652 ], [ -21.9526599, 64.1431986 ], [ -21.9526502, 64.143202 ], [ -21.9526865, 64.1432216 ], [ -21.9526977, 64.1432177 ], [ -21.9527996, 64.1432729 ], [ -21.9528673, 64.1432491 ], [ -21.9528485, 64.1432389 ], [ -21.9529285, 64.1432108 ], [ -21.952909, 64.1431824 ], [ -21.9528806, 64.1431848 ], [ -21.9528321, 64.1431586 ], [ -21.9528037, 64.1431267 ], [ -21.9527769, 64.1431287 ], [ -21.9527269, 64.1431017 ] ] ] } },
{ "type": "Feature", "properties": { "osm_id": 234448970, "osm_class": "building", "osm_value": "yes", "name": "" }, "geometry": { "type": "Polygon", "coordinates": [ [ [ -21.9529285, 64.1432108 ], [ -21.9529808, 64.1432391 ], [ -21.9530103, 64.1432359 ], [ -21.9530341, 64.1432679 ], [ -21.9530794, 64.1432925 ], [ -21.953107, 64.143287 ], [ -21.9531372, 64.1433237 ], [ -21.9530602, 64.1433508 ], [ -21.953073, 64.1433577 ], [ -21.9530029, 64.1433823 ], [ -21.9529005, 64.1433269 ], [ -21.9528904, 64.1433305 ], [ -21.9528501, 64.1433087 ], [ -21.9528596, 64.1433053 ], [ -21.9527996, 64.1432729 ], [ -21.9528673, 64.1432491 ], [ -21.9528485, 64.1432389 ], [ -21.9529285, 64.1432108 ] ] ] } },
{ "type": "Feature", "properties": { "osm_id": 234448983, "osm_class": "building", "osm_value": "yes", "name": "" }, "geometry": { "type": "Polygon", "coordinates": [ [ [ -21.9532744, 64.1426936 ], [ -21.9534758, 64.1428012 ], [ -21.9536521, 64.1427384 ], [ -21.9534507, 64.1426309 ], [ -21.9532744, 64.1426936 ] ] ] } },
{ "type": "Feature", "properties": { "osm_id": 234448984, "osm_class": "building", "osm_value": "yes", "name": "" }, "geometry": { "type": "Polygon", "coordinates": [ [ [ -21.9534758, 64.1428012 ], [ -21.9536794, 64.1429099 ], [ -21.9538556, 64.1428472 ], [ -21.9536521, 64.1427384 ], [ -21.9534758, 64.1428012 ] ] ] } },
{ "type": "Feature", "properties": { "osm_id": 234448994, "osm_class": "building", "osm_value": "apartments", "name": "" }, "geometry": { "type": "Polygon", "coordinates": [ [ [ -21.9548105, 64.1443813 ], [ -21.9546512, 64.1444369 ], [ -21.9545176, 64.1443641 ], [ -21.954662, 64.1443137 ], [ -21.9546855, 64.1443265 ], [ -21.9547178, 64.1443152 ], [ -21.9547769, 64.1443474 ], [ -21.9547595, 64.1443535 ], [ -21.9548105, 64.1443813 ] ] ] } },
{ "type": "Feature", "properties": { "osm_id": 280345328, "osm_class": "landuse", "osm_value": "grass", "name": "" }, "geometry": { "type": "Polygon", "coordinates": [ [ [ -21.9309763, 64.1320709 ], [ -21.9308137, 64.1320768 ], [ -21.9306828, 64.1320578 ], [ -21.9306439, 64.1318192 ], [ -21.9304989, 64.1318253 ], [ -21.9304257, 64.1313187 ], [ -21.9305426, 64.1313119 ], [ -21.9305332, 64.1312616 ], [ -21.9304963, 64.131167 ], [ -21.9303555, 64.1311294 ], [ -21.9301532, 64.1311097 ], [ -21.9299807, 64.1311005 ], [ -21.9298352, 64.1311148 ], [ -21.929756, 64.1311439 ], [ -21.9296668, 64.1312012 ], [ -21.9295208, 64.1313619 ], [ -21.9292688, 64.1316256 ], [ -21.9290467, 64.1318277 ], [ -21.9290014, 64.1318724 ], [ -21.9288245, 64.1320097 ], [ -21.9288732, 64.1321112 ], [ -21.929122, 64.132182 ], [ -21.9297684, 64.1323237 ], [ -21.9300425, 64.1324293 ], [ -21.9303369, 64.1325189 ], [ -21.9306575, 64.1326254 ], [ -21.9308702, 64.1327126 ], [ -21.9310748, 64.1327784 ], [ -21.9324982, 64.1331639 ], [ -21.932863, 64.1333605 ], [ -21.9330642, 64.1334026 ], [ -21.9332004, 64.1333513 ], [ -21.9332657, 64.1333757 ], [ -21.933165, 64.1334246 ], [ -21.9333161, 64.1334506 ], [ -21.9333888, 64.1334425 ], [ -21.9338123, 64.1335898 ], [ -21.9339075, 64.1335711 ], [ -21.9340679, 64.133628 ], [ -21.934219, 64.1336451 ], [ -21.9342992, 64.1336476 ], [ -21.934441, 64.1336207 ], [ -21.9345287, 64.1335776 ], [ -21.9345268, 64.1335475 ], [ -21.9345306, 64.1335182 ], [ -21.9345436, 64.1334905 ], [ -21.9345641, 64.1334669 ], [ -21.9346126, 64.1334343 ], [ -21.9347041, 64.1334001 ], [ -21.9348048, 64.1333806 ], [ -21.9348906, 64.1333733 ], [ -21.9349429, 64.1333741 ], [ -21.9350044, 64.1333757 ], [ -21.9350809, 64.1333855 ], [ -21.9351574, 64.1334075 ], [ -21.9352246, 64.1334376 ], [ -21.9352656, 64.1334701 ], [ -21.935288, 64.1335059 ], [ -21.9352954, 64.1335491 ], [ -21.9352936, 64.1335841 ], [ -21.9352656, 64.1336134 ], [ -21.9352302, 64.1336394 ], [ -21.9351854, 64.1336606 ], [ -21.9351294, 64.1336761 ], [ -21.9350511, 64.1336915 ], [ -21.9349895, 64.1336997 ], [ -21.9349317, 64.1337037 ], [ -21.9348589, 64.1337021 ], [ -21.934816, 64.1336899 ], [ -21.9346481, 64.133755 ], [ -21.9346238, 64.1337892 ], [ -21.9346052, 64.1338226 ], [ -21.9346071, 64.1338462 ], [ -21.9346052, 64.1338779 ], [ -21.9346071, 64.1338982 ], [ -21.9346182, 64.1339202 ], [ -21.9349988, 64.1341082 ], [ -21.935107, 64.1342287 ], [ -21.9349914, 64.1343039 ], [ -21.9348394, 64.1342282 ], [ -21.934276, 64.1339535 ], [ -21.9340297, 64.1339336 ], [ -21.9339672, 64.1339393 ], [ -21.9336538, 64.1337887 ], [ -21.9336678, 64.1337545 ], [ -21.9336772, 64.1337179 ], [ -21.9336386, 64.1336434 ], [ -21.9335792, 64.1336123 ], [ -21.9334684, 64.1335588 ], [ -21.9333193, 64.1335042 ], [ -21.9331491, 64.1334639 ], [ -21.9330476, 64.1334495 ], [ -21.9329386, 64.1334289 ], [ -21.933142, 64.1336132 ], [ -21.9333136, 64.1338941 ], [ -21.9335282, 64.1349893 ], [ -21.9336784, 64.1356633 ], [ -21.9337428, 64.1360003 ], [ -21.9338828, 64.1360387 ], [ -21.9351323, 64.1363817 ], [ -21.9358359, 64.1366068 ], [ -21.9364971, 64.1368357 ], [ -21.9388467, 64.1377898 ], [ -21.9401286, 64.1382208 ], [ -21.9406056, 64.1381206 ], [ -21.9421542, 64.1374979 ], [ -21.942727, 64.1372204 ], [ -21.9428789, 64.1371419 ], [ -21.9428921, 64.1371079 ], [ -21.9429039, 64.1370556 ], [ -21.9429026, 64.1370101 ], [ -21.9428723, 64.1368622 ], [ -21.9428261, 64.136582 ], [ -21.9427694, 64.1362816 ], [ -21.9427673, 64.1362466 ], [ -21.9427693, 64.1362055 ], [ -21.9427732, 64.1361741 ], [ -21.9427812, 64.1361525 ], [ -21.9427924, 64.1361186 ], [ -21.9428075, 64.1360841 ], [ -21.9428254, 64.1360538 ], [ -21.9428484, 64.136021 ], [ -21.9429085, 64.1359517 ], [ -21.9429586, 64.1359103 ], [ -21.9430575, 64.1358389 ], [ -21.9431604, 64.1357828 ], [ -21.9433939, 64.1356795 ], [ -21.9436657, 64.1355584 ], [ -21.9436333, 64.135548 ], [ -21.9439051, 64.1354151 ], [ -21.9439387, 64.1354295 ], [ -21.9442613, 64.1353003 ], [ -21.9448846, 64.1350263 ], [ -21.9455323, 64.1347429 ], [ -21.9466428, 64.1342604 ], [ -21.9465769, 64.1342324 ], [ -21.9459543, 64.1345114 ], [ -21.945624, 64.1344215 ], [ -21.9456586, 64.1343985 ], [ -21.9452263, 64.1342757 ], [ -21.9450817, 64.1343409 ], [ -21.945215, 64.1343765 ], [ -21.9452819, 64.1343412 ], [ -21.9455275, 64.1344053 ], [ -21.9451846, 64.1346209 ], [ -21.9453835, 64.1346919 ], [ -21.94501, 64.1348831 ], [ -21.9448777, 64.1349253 ], [ -21.9447341, 64.1349232 ], [ -21.9446337, 64.134943 ], [ -21.9445973, 64.1349794 ], [ -21.9445116, 64.1349943 ], [ -21.944444, 64.1350279 ], [ -21.9443931, 64.1350366 ], [ -21.9443179, 64.1350455 ], [ -21.9442485, 64.135071 ], [ -21.9440832, 64.1351478 ], [ -21.944128, 64.1351607 ], [ -21.9440459, 64.1352045 ], [ -21.9437857, 64.1353253 ], [ -21.9435913, 64.1354051 ], [ -21.9434692, 64.1354642 ], [ -21.9431398, 64.1356182 ], [ -21.9429252, 64.1357176 ], [ -21.9428197, 64.1357624 ], [ -21.9427577, 64.1357854 ], [ -21.9426389, 64.1358066 ], [ -21.9424924, 64.135797 ], [ -21.9423551, 64.1358054 ], [ -21.942276, 64.1357795 ], [ -21.9422377, 64.1357593 ], [ -21.9421717, 64.1357248 ], [ -21.942148, 64.1357098 ], [ -21.9420939, 64.1356749 ], [ -21.9420683, 64.1356013 ], [ -21.9420044, 64.1354774 ], [ -21.9418828, 64.1354819 ], [ -21.941794, 64.1354588 ], [ -21.9417534, 64.1354299 ], [ -21.9417528, 64.1353994 ], [ -21.9417627, 64.1353662 ], [ -21.9418248, 64.1353461 ], [ -21.9418627, 64.1353338 ], [ -21.9419002, 64.1352961 ], [ -21.941952, 64.1352189 ], [ -21.941947, 64.1351489 ], [ -21.9419006, 64.1350907 ], [ -21.9418922, 64.1350002 ], [ -21.9418918, 64.1349933 ], [ -21.9418866, 64.134902 ], [ -21.9418807, 64.1348014 ], [ -21.9418697, 64.134602 ], [ -21.9418195, 64.1345042 ], [ -21.9417087, 64.134411 ], [ -21.9416693, 64.1343683 ], [ -21.9416412, 64.1341882 ], [ -21.9416923, 64.134122 ], [ -21.9425001, 64.1336245 ], [ -21.9424501, 64.1334971 ], [ -21.9414686, 64.1332082 ], [ -21.9413499, 64.1331656 ], [ -21.941152, 64.1333175 ], [ -21.9410597, 64.133443 ], [ -21.9411125, 64.133809 ], [ -21.9411415, 64.1340519 ], [ -21.940817, 64.1340484 ], [ -21.9407431, 64.1335247 ], [ -21.9407273, 64.1334499 ], [ -21.9407522, 64.1334153 ], [ -21.9409567, 64.1333307 ], [ -21.9410464, 64.133276 ], [ -21.941115, 64.133249 ], [ -21.9411559, 64.1332265 ], [ -21.9411876, 64.1332012 ], [ -21.9412073, 64.1331667 ], [ -21.9412232, 64.133127 ], [ -21.9412219, 64.133108 ], [ -21.941206, 64.1330878 ], [ -21.9410147, 64.1329808 ], [ -21.9408647, 64.1328805 ], [ -21.9407592, 64.1327868 ], [ -21.940671, 64.1327008 ], [ -21.9406082, 64.1326292 ], [ -21.9405506, 64.1325067 ], [ -21.9405302, 64.1324463 ], [ -21.9403385, 64.1324289 ], [ -21.9402197, 64.1324086 ], [ -21.9401264, 64.1323863 ], [ -21.9400532, 64.1323543 ], [ -21.9399428, 64.1322942 ], [ -21.9399064, 64.1322199 ], [ -21.9397742, 64.1315837 ], [ -21.9390743, 64.1316116 ], [ -21.9389635, 64.1316329 ], [ -21.9388724, 64.1316599 ], [ -21.9387775, 64.1316979 ], [ -21.9387247, 64.1317273 ], [ -21.9386759, 64.1317739 ], [ -21.9386732, 64.1318429 ], [ -21.9386957, 64.1320202 ], [ -21.9387273, 64.1322999 ], [ -21.9388131, 64.1326458 ], [ -21.9389158, 64.133091 ], [ -21.9390149, 64.1336735 ], [ -21.9391152, 64.1341822 ], [ -21.9393249, 64.1350957 ], [ -21.9394305, 64.135708 ], [ -21.9394618, 64.1359175 ], [ -21.9396993, 64.1359145 ], [ -21.9397049, 64.1359621 ], [ -21.9394652, 64.1359723 ], [ -21.9395492, 64.1364892 ], [ -21.9385786, 64.1365151 ], [ -21.9383939, 64.1365194 ], [ -21.9382818, 64.1364699 ], [ -21.9378243, 64.1363025 ], [ -21.9373122, 64.1361477 ], [ -21.9368663, 64.1359791 ], [ -21.9366724, 64.1358928 ], [ -21.9364917, 64.1358064 ], [ -21.9362899, 64.1356764 ], [ -21.9361724, 64.1355705 ], [ -21.9360973, 64.1354744 ], [ -21.9360339, 64.1353806 ], [ -21.936026, 64.1353581 ], [ -21.9360023, 64.1352684 ], [ -21.9359904, 64.135231 ], [ -21.9359561, 64.1350721 ], [ -21.9359007, 64.1348454 ], [ -21.9358875, 64.1347821 ], [ -21.9358638, 64.1346877 ], [ -21.93584, 64.1345243 ], [ -21.9358004, 64.1342802 ], [ -21.9357503, 64.1340547 ], [ -21.9357371, 64.1339585 ], [ -21.9357266, 64.1338895 ], [ -21.9356738, 64.1335804 ], [ -21.9356118, 64.1332789 ], [ -21.9355564, 64.1329669 ], [ -21.9355168, 64.132693 ], [ -21.9354766, 64.1324819 ], [ -21.9354073, 64.1323897 ], [ -21.9353559, 64.1323626 ], [ -21.9352213, 64.1323477 ], [ -21.935038, 64.1323338 ], [ -21.9349258, 64.1323407 ], [ -21.9347939, 64.1323718 ], [ -21.9341119, 64.1326636 ], [ -21.9330781, 64.1330701 ], [ -21.9328273, 64.1331687 ], [ -21.9327901, 64.1331539 ], [ -21.9323417, 64.1329762 ], [ -21.932267, 64.1329466 ], [ -21.9320222, 64.132822 ], [ -21.9318051, 64.1327412 ], [ -21.9315545, 64.1326424 ], [ -21.9310642, 64.1325262 ], [ -21.9310262, 64.1323712 ], [ -21.9310127, 64.1323134 ], [ -21.9309763, 64.1320709 ] ] ] } },
{ "type": "Feature", "properties": { "osm_id": 280377073, "osm_class": "building", "osm_value": "hangar", "name": "" }, "geometry": { "type": "Polygon", "coordinates": [ [ [ -21.9427327, 64.135145 ], [ -21.9425382, 64.1350846 ], [ -21.9422352, 64.1352703 ], [ -21.9422859, 64.135286 ], [ -21.9422577, 64.1353033 ], [ -21.9424015, 64.135348 ], [ -21.9427327, 64.135145 ] ] ] } },
{ "type": "Feature", "properties": { "osm_id": 290468848, "osm_class": "landuse", "osm_value": "construction", "name": "" }, "geometry": { "type": "Polygon", "coordinates": [ [ [ -21.9504919, 64.1411057 ], [ -21.9514771, 64.1401909 ], [ -21.9520305, 64.1403042 ], [ -21.9510457, 64.1412191 ], [ -21.9504919, 64.1411057 ] ] ] } },
{ "type": "Feature", "properties": { "osm_id": 303795300, "osm_class": "landuse", "osm_value": "grass", "name": "" }, "geometry": { "type": "Polygon", "coordinates": [ [ [ -21.9539292, 64.1409252 ], [ -21.9538297, 64.1410074 ], [ -21.9538499, 64.1410126 ], [ -21.9538902, 64.1410313 ], [ -21.9539732, 64.1410701 ], [ -21.9540699, 64.1411024 ], [ -21.9541167, 64.1411134 ], [ -21.9542296, 64.1410518 ], [ -21.9544214, 64.1410327 ], [ -21.9547271, 64.1409859 ], [ -21.954916, 64.1409488 ], [ -21.9549374, 64.1409348 ], [ -21.9549589, 64.1408997 ], [ -21.9549321, 64.1408786 ], [ -21.9540955, 64.140771 ], [ -21.9539828, 64.1408272 ], [ -21.9539292, 64.1409252 ] ] ] } },
{ "type": "Feature", "properties": { "osm_id": 303795303, "osm_class": "landuse", "osm_value": "grass", "name": "" }, "geometry": { "type": "Polygon", "coordinates": [ [ [ -21.9532156, 64.1417665 ], [ -21.953602, 64.1418707 ], [ -21.9536918, 64.1418563 ], [ -21.9537508, 64.1418235 ], [ -21.9538112, 64.1417724 ], [ -21.9538112, 64.1417303 ], [ -21.9537843, 64.1416648 ], [ -21.9537522, 64.1415782 ], [ -21.9537253, 64.1414542 ], [ -21.9537307, 64.1414308 ], [ -21.9537307, 64.1414051 ], [ -21.9537079, 64.1413837 ], [ -21.9536341, 64.1413606 ], [ -21.9535223, 64.1414907 ], [ -21.9532156, 64.1417665 ] ] ] } },
{ "type": "Feature", "properties": { "osm_id": 307235223, "osm_class": "building", "osm_value": "apartments", "name": "" }, "geometry": { "type": "Polygon", "coordinates": [ [ [ -21.9513107, 64.137119 ], [ -21.9513619, 64.1370735 ], [ -21.9513478, 64.1370705 ], [ -21.9513856, 64.1370368 ], [ -21.9513378, 64.1370265 ], [ -21.9513259, 64.1370371 ], [ -21.9508681, 64.1369388 ], [ -21.9508858, 64.1369231 ], [ -21.9510309, 64.1369543 ], [ -21.9510394, 64.1369344 ], [ -21.9510493, 64.1369348 ], [ -21.9510831, 64.1368788 ], [ -21.9510114, 64.1368705 ], [ -21.951005, 64.1368812 ], [ -21.9509756, 64.1368778 ], [ -21.9509417, 64.1368739 ], [ -21.951043, 64.1367889 ], [ -21.9510653, 64.1367489 ], [ -21.950989, 64.13674 ], [ -21.9509972, 64.1367231 ], [ -21.9512716, 64.1367818 ], [ -21.9513634, 64.1367929 ], [ -21.9513995, 64.1367608 ], [ -21.9513814, 64.1367569 ], [ -21.9514163, 64.1367258 ], [ -21.951015, 64.1366399 ], [ -21.9509363, 64.13671 ], [ -21.9509456, 64.136712 ], [ -21.9509316, 64.1367333 ], [ -21.9509064, 64.1367304 ], [ -21.9506294, 64.1369657 ], [ -21.9513107, 64.137119 ] ] ] } },
{ "type": "Feature", "properties": { "osm_id": 307235224, "osm_class": "building", "osm_value": "apartments", "name": "" }, "geometry": { "type": "Polygon", "coordinates": [ [ [ -21.9519073, 64.1366165 ], [ -21.9519656, 64.1365666 ], [ -21.9519481, 64.1365627 ], [ -21.9520108, 64.1365092 ], [ -21.9520813, 64.1365248 ], [ -21.9522927, 64.1363443 ], [ -21.9522429, 64.1363332 ], [ -21.9522543, 64.1363235 ], [ -21.9521381, 64.1362975 ], [ -21.9518954, 64.1365047 ], [ -21.9519256, 64.1365114 ], [ -21.9519083, 64.1365262 ], [ -21.9514655, 64.1364274 ], [ -21.951488, 64.1364082 ], [ -21.9516995, 64.1364555 ], [ -21.9517326, 64.1364271 ], [ -21.9516307, 64.1364043 ], [ -21.9516413, 64.1363952 ], [ -21.9515509, 64.1363749 ], [ -21.9515493, 64.1363764 ], [ -21.9515254, 64.136371 ], [ -21.9516891, 64.1362313 ], [ -21.9519157, 64.1362819 ], [ -21.951908, 64.1362884 ], [ -21.9519646, 64.136301 ], [ -21.9519943, 64.1362757 ], [ -21.9519795, 64.1362723 ], [ -21.9520337, 64.1362262 ], [ -21.9516117, 64.1361319 ], [ -21.9512233, 64.1364637 ], [ -21.9519073, 64.1366165 ] ] ] } },
{ "type": "Feature", "properties": { "osm_id": 307235225, "osm_class": "building", "osm_value": "office", "name": "" }, "geometry": { "type": "Polygon", "coordinates": [ [ [ -21.9491279, 64.1378154 ], [ -21.948353, 64.1376433 ], [ -21.9482035, 64.1375837 ], [ -21.9482698, 64.1375268 ], [ -21.9489399, 64.1376757 ], [ -21.9490297, 64.1375987 ], [ -21.9489921, 64.1375904 ], [ -21.9489639, 64.1376146 ], [ -21.9488559, 64.1375906 ], [ -21.9488841, 64.1375664 ], [ -21.9483597, 64.1374499 ], [ -21.9489136, 64.13698 ], [ -21.949841, 64.1371876 ], [ -21.9498561, 64.1371917 ], [ -21.9493035, 64.137665 ], [ -21.949249, 64.1376529 ], [ -21.9491591, 64.1377299 ], [ -21.9492136, 64.137742 ], [ -21.9491279, 64.1378154 ] ] ] } },
{ "type": "Feature", "properties": { "osm_id": 365099770, "osm_class": "building", "osm_value": "yes", "name": "" }, "geometry": { "type": "Polygon", "coordinates": [ [ [ -21.9477568, 64.1345308 ], [ -21.9476292, 64.1345865 ], [ -21.947214, 64.1344054 ], [ -21.9473417, 64.1343497 ], [ -21.9477568, 64.1345308 ] ] ] } },
{ "type": "Feature", "properties": { "osm_id": 365099771, "osm_class": "building", "osm_value": "yes", "name": "" }, "geometry": { "type": "Polygon", "coordinates": [ [ [ -21.9470268, 64.1343997 ], [ -21.9465973, 64.1345871 ], [ -21.9464589, 64.1345267 ], [ -21.9468884, 64.1343393 ], [ -21.9470268, 64.1343997 ] ] ] } },
{ "type": "Feature", "properties": { "osm_id": 365099772, "osm_class": "natural", "osm_value": "wood", "name": "" }, "geometry": { "type": "Polygon", "coordinates": [ [ [ -21.9416536, 64.1404575 ], [ -21.9408411, 64.1405679 ], [ -21.9408789, 64.1406205 ], [ -21.9409946, 64.1406406 ], [ -21.9417103, 64.1405459 ], [ -21.9417221, 64.1405017 ], [ -21.9416536, 64.1404575 ] ] ] } },
{ "type": "Feature", "properties": { "osm_id": 365099773, "osm_class": "natural", "osm_value": "wood", "name": "" }, "geometry": { "type": "Polygon", "coordinates": [ [ [ -21.941993, 64.1405116 ], [ -21.9424736, 64.1403784 ], [ -21.9424807, 64.1403562 ], [ -21.9424041, 64.1403098 ], [ -21.9420419, 64.140373 ], [ -21.9418527, 64.1404248 ], [ -21.9418951, 64.1405017 ], [ -21.941993, 64.1405116 ] ] ] } },
{ "type": "Feature", "properties": { "osm_id": 365111309, "osm_class": "landuse", "osm_value": "commercial", "name": "" }, "geometry": { "type": "Polygon", "coordinates": [ [ [ -21.9499896, 64.1370801 ], [ -21.9500117, 64.1370901 ], [ -21.9488111, 64.1381084 ], [ -21.9485074, 64.1380495 ], [ -21.9478529, 64.1376257 ], [ -21.9479425, 64.1375065 ], [ -21.9487457, 64.1367994 ], [ -21.9499896, 64.1370801 ] ] ] } },
{ "type": "Feature", "properties": { "osm_id": 365111870, "osm_class": "leisure", "osm_value": "pitch", "name": "" }, "geometry": { "type": "Polygon", "coordinates": [ [ [ -21.954576, 64.1341555 ], [ -21.9541846, 64.1341172 ], [ -21.954336, 64.1338226 ], [ -21.9547274, 64.1338609 ], [ -21.954576, 64.1341555 ] ] ] } },
{ "type": "Feature", "properties": { "osm_id": 365399244, "osm_class": "natural", "osm_value": "wood", "name": "" }, "geometry": { "type": "Polygon", "coordinates": [ [ [ -21.9477802, 64.1433581 ], [ -21.9479482, 64.1434017 ], [ -21.9480483, 64.1433924 ], [ -21.9481091, 64.1433659 ], [ -21.9481662, 64.1432583 ], [ -21.9482878, 64.1431477 ], [ -21.9482824, 64.1431017 ], [ -21.9482216, 64.1430752 ], [ -21.9481484, 64.1430736 ], [ -21.9480787, 64.1430861 ], [ -21.9477606, 64.1433277 ], [ -21.9477802, 64.1433581 ] ] ] } },
{ "type": "Feature", "properties": { "osm_id": 365399257, "osm_class": "natural", "osm_value": "scrub", "name": "" }, "geometry": { "type": "Polygon", "coordinates": [ [ [ -21.9481677, 64.1428479 ], [ -21.9482588, 64.1428354 ], [ -21.948291, 64.1428128 ], [ -21.9482552, 64.1427481 ], [ -21.9482088, 64.1427341 ], [ -21.9481248, 64.1427395 ], [ -21.9480873, 64.1427762 ], [ -21.948098, 64.1428292 ], [ -21.9481677, 64.1428479 ] ] ] } },
{ "type": "Feature", "properties": { "osm_id": 365399282, "osm_class": "natural", "osm_value": "wood", "name": "" }, "geometry": { "type": "Polygon", "coordinates": [ [ [ -21.9510148, 64.1435002 ], [ -21.9508351, 64.1434581 ], [ -21.9507587, 64.1434551 ], [ -21.9507439, 64.1434364 ], [ -21.9505146, 64.1433868 ], [ -21.9504368, 64.1434037 ], [ -21.9503859, 64.1433873 ], [ -21.9503081, 64.1433768 ], [ -21.9502316, 64.1433803 ], [ -21.9501539, 64.1434054 ], [ -21.9501378, 64.143444 ], [ -21.9501257, 64.143475 ], [ -21.9502719, 64.1436008 ], [ -21.9502182, 64.1436043 ], [ -21.9502196, 64.1436429 ], [ -21.9503577, 64.1437043 ], [ -21.9504959, 64.1436534 ], [ -21.950465, 64.1436119 ], [ -21.9505146, 64.143585 ], [ -21.9505294, 64.1435727 ], [ -21.9505669, 64.1435739 ], [ -21.950634, 64.1435598 ], [ -21.950693, 64.1435516 ], [ -21.9507386, 64.1435212 ], [ -21.9508647, 64.1435686 ], [ -21.9509746, 64.1435551 ], [ -21.9510269, 64.1435546 ], [ -21.9510537, 64.1435371 ], [ -21.9510148, 64.1435002 ] ] ] } },
{ "type": "Feature", "properties": { "osm_id": 365399284, "osm_class": "natural", "osm_value": "wood", "name": "" }, "geometry": { "type": "Polygon", "coordinates": [ [ [ -21.9494967, 64.1423175 ], [ -21.9496256, 64.1422943 ], [ -21.9497267, 64.1422293 ], [ -21.9497343, 64.1421929 ], [ -21.9496761, 64.1421665 ], [ -21.9494411, 64.1421114 ], [ -21.9493577, 64.142118 ], [ -21.9493349, 64.1421334 ], [ -21.9488447, 64.1425423 ], [ -21.9488093, 64.142636 ], [ -21.9488169, 64.1426944 ], [ -21.9488725, 64.1427727 ], [ -21.9489078, 64.1427826 ], [ -21.9489837, 64.1427672 ], [ -21.9490418, 64.1426636 ], [ -21.9491302, 64.1426239 ], [ -21.9491353, 64.1426052 ], [ -21.94911, 64.1425897 ], [ -21.9489912, 64.1426063 ], [ -21.9489786, 64.142571 ], [ -21.9491429, 64.1425071 ], [ -21.9492212, 64.1424575 ], [ -21.9492111, 64.1423847 ], [ -21.9492768, 64.1423175 ], [ -21.9493375, 64.1422966 ], [ -21.9494967, 64.1423175 ] ] ] } },
{ "type": "Feature", "properties": { "osm_id": 372239503, "osm_class": "landuse", "osm_value": "grass", "name": "" }, "geometry": { "type": "Polygon", "coordinates": [ [ [ -21.9490908, 64.1405076 ], [ -21.9491182, 64.1405136 ], [ -21.9488433, 64.1407521 ], [ -21.9488159, 64.1407461 ], [ -21.9490908, 64.1405076 ] ] ] } },
{ "type": "Feature", "properties": { "osm_id": 375152618, "osm_class": "landuse", "osm_value": "grass", "name": "" }, "geometry": { "type": "Polygon", "coordinates": [ [ [ -21.9492451, 64.1404104 ], [ -21.9492114, 64.140403 ], [ -21.9494917, 64.1401597 ], [ -21.9495254, 64.1401671 ], [ -21.9492451, 64.1404104 ] ] ] } },
{ "type": "Feature", "properties": { "osm_id": 375286701, "osm_class": "landuse", "osm_value": "residential", "name": "Oddagarðar" }, "geometry": { "type": "Polygon", "coordinates": [ [ [ -21.9526237, 64.1361827 ], [ -21.9517188, 64.1360065 ], [ -21.9493906, 64.1379744 ], [ -21.9503158, 64.1381834 ], [ -21.9503787, 64.1381378 ], [ -21.9526237, 64.1361827 ] ] ] } },
{ "type": "Feature", "properties": { "osm_id": 375286702, "osm_class": "building", "osm_value": "apartments", "name": "" }, "geometry": { "type": "Polygon", "coordinates": [ [ [ -21.9497607, 64.1379673 ], [ -21.9501894, 64.1380639 ], [ -21.9502459, 64.138016 ], [ -21.9502148, 64.138009 ], [ -21.9502807, 64.1379532 ], [ -21.9503683, 64.1379729 ], [ -21.9505553, 64.1378144 ], [ -21.9504148, 64.1377828 ], [ -21.9504258, 64.1377734 ], [ -21.9503667, 64.1377601 ], [ -21.9501619, 64.1379336 ], [ -21.9501103, 64.137922 ], [ -21.9501069, 64.1379248 ], [ -21.9500249, 64.1379064 ], [ -21.9500283, 64.1379035 ], [ -21.9499405, 64.1378838 ], [ -21.9499769, 64.1378529 ], [ -21.9499152, 64.137839 ], [ -21.9498788, 64.1378699 ], [ -21.9498461, 64.1378625 ], [ -21.9498135, 64.1378552 ], [ -21.9499713, 64.1377215 ], [ -21.9499245, 64.137711 ], [ -21.9499479, 64.1376912 ], [ -21.9501635, 64.1377397 ], [ -21.9501725, 64.1377321 ], [ -21.9501889, 64.1377358 ], [ -21.9502323, 64.137699 ], [ -21.9502159, 64.1376953 ], [ -21.9502572, 64.1376603 ], [ -21.9499063, 64.1375813 ], [ -21.9498576, 64.1376226 ], [ -21.9498759, 64.1376267 ], [ -21.9498636, 64.1376371 ], [ -21.9498454, 64.137633 ], [ -21.9495158, 64.1379122 ], [ -21.9496137, 64.1379342 ], [ -21.9496231, 64.1379263 ], [ -21.9496487, 64.137932 ], [ -21.9496393, 64.13794 ], [ -21.9497247, 64.1379592 ], [ -21.9497341, 64.1379513 ], [ -21.9497701, 64.1379594 ], [ -21.9497607, 64.1379673 ] ] ] } },
{ "type": "Feature", "properties": { "osm_id": 375286703, "osm_class": "building", "osm_value": "apartments", "name": "" }, "geometry": { "type": "Polygon", "coordinates": [ [ [ -21.9503557, 64.1374641 ], [ -21.9507844, 64.1375606 ], [ -21.9508409, 64.1375128 ], [ -21.9508098, 64.1375058 ], [ -21.9508756, 64.13745 ], [ -21.9509632, 64.1374697 ], [ -21.9511503, 64.1373112 ], [ -21.9510098, 64.1372796 ], [ -21.9510208, 64.1372702 ], [ -21.9509617, 64.1372569 ], [ -21.9507569, 64.1374304 ], [ -21.9507052, 64.1374188 ], [ -21.9507018, 64.1374216 ], [ -21.9506199, 64.1374032 ], [ -21.9506233, 64.1374003 ], [ -21.9505354, 64.1373805 ], [ -21.9505719, 64.1373497 ], [ -21.9505102, 64.1373358 ], [ -21.9504737, 64.1373666 ], [ -21.9504411, 64.1373593 ], [ -21.9504085, 64.137352 ], [ -21.9505662, 64.1372183 ], [ -21.9505195, 64.1372078 ], [ -21.9505428, 64.137188 ], [ -21.9507584, 64.1372365 ], [ -21.9507674, 64.1372289 ], [ -21.9507839, 64.1372326 ], [ -21.9508273, 64.1371958 ], [ -21.9508109, 64.1371921 ], [ -21.9508521, 64.1371571 ], [ -21.9505013, 64.1370781 ], [ -21.9504526, 64.1371194 ], [ -21.9504708, 64.1371235 ], [ -21.9504586, 64.1371339 ], [ -21.9504403, 64.1371298 ], [ -21.9501108, 64.137409 ], [ -21.9502086, 64.137431 ], [ -21.950218, 64.1374231 ], [ -21.9502437, 64.1374288 ], [ -21.9502343, 64.1374368 ], [ -21.9503196, 64.137456 ], [ -21.950329, 64.137448 ], [ -21.9503651, 64.1374562 ], [ -21.9503557, 64.1374641 ] ] ] } },
{ "type": "Feature", "properties": { "osm_id": 375409154, "osm_class": "landuse", "osm_value": "grass", "name": "" }, "geometry": { "type": "Polygon", "coordinates": [ [ [ -21.9501676, 64.1378611 ], [ -21.9500606, 64.1378378 ], [ -21.9502212, 64.1378144 ], [ -21.9501676, 64.1378611 ] ] ] } },
{ "type": "Feature", "properties": { "osm_id": 375410955, "osm_class": "landuse", "osm_value": "grass", "name": "" }, "geometry": { "type": "Polygon", "coordinates": [ [ [ -21.9502572, 64.1376603 ], [ -21.9502159, 64.1376953 ], [ -21.9502323, 64.137699 ], [ -21.9501889, 64.1377358 ], [ -21.9501725, 64.1377321 ], [ -21.9501635, 64.1377397 ], [ -21.9502257, 64.1377538 ], [ -21.9502384, 64.1377429 ], [ -21.950261, 64.137748 ], [ -21.950273, 64.1377379 ], [ -21.9502941, 64.1377426 ], [ -21.9503628, 64.137684 ], [ -21.9502572, 64.1376603 ] ] ] } },
{ "type": "Feature", "properties": { "osm_id": 376475607, "osm_class": "landuse", "osm_value": "grass", "name": "" }, "geometry": { "type": "Polygon", "coordinates": [ [ [ -21.951477, 64.1356396 ], [ -21.9513831, 64.135617 ], [ -21.9515058, 64.1355641 ], [ -21.951477, 64.1356396 ] ] ] } },
{ "type": "Feature", "properties": { "osm_id": 377472868, "osm_class": "building", "osm_value": "detached", "name": "" }, "geometry": { "type": "Polygon", "coordinates": [ [ [ -21.9529781, 64.1336082 ], [ -21.9527977, 64.1336108 ], [ -21.9527884, 64.1334876 ], [ -21.9529687, 64.133485 ], [ -21.9529781, 64.1336082 ] ] ] } },
{ "type": "Feature", "properties": { "osm_id": 377477267, "osm_class": "natural", "osm_value": "scrub", "name": "" }, "geometry": { "type": "Polygon", "coordinates": [ [ [ -21.9523662, 64.1384652 ], [ -21.9524243, 64.1384596 ], [ -21.9524669, 64.138444 ], [ -21.9524756, 64.1384258 ], [ -21.9524513, 64.138416 ], [ -21.9524183, 64.1384145 ], [ -21.9523612, 64.1384247 ], [ -21.952328, 64.1384455 ], [ -21.9523288, 64.1384599 ], [ -21.9523662, 64.1384652 ] ] ] } },
{ "type": "Feature", "properties": { "osm_id": 414674765, "osm_class": "building", "osm_value": "pavilion", "name": "" }, "geometry": { "type": "Polygon", "coordinates": [ [ [ -21.9484103, 64.1422867 ], [ -21.9483904, 64.1422827 ], [ -21.9484117, 64.1422625 ], [ -21.9484316, 64.1422665 ], [ -21.9484103, 64.1422867 ] ] ] } },
{ "type": "Feature", "properties": { "osm_id": 452147612, "osm_class": "building", "osm_value": "university", "name": "Veröld – hús Vigdísar" }, "geometry": { "type": "Polygon", "coordinates": [ [ [ -21.9519442, 64.1400712 ], [ -21.9522211, 64.1398125 ], [ -21.9522254, 64.1398087 ], [ -21.952376, 64.1396757 ], [ -21.9525692, 64.1397145 ], [ -21.9527139, 64.1397435 ], [ -21.9526671, 64.1398166 ], [ -21.9525933, 64.1399319 ], [ -21.952349, 64.1401518 ], [ -21.9519442, 64.1400712 ] ] ] } },
{ "type": "Feature", "properties": { "osm_id": 452147613, "osm_class": "landuse", "osm_value": "grass", "name": "" }, "geometry": { "type": "Polygon", "coordinates": [ [ [ -21.9527525, 64.1394995 ], [ -21.9529483, 64.1393158 ], [ -21.9531602, 64.1393649 ], [ -21.9532192, 64.1393123 ], [ -21.9526586, 64.1391742 ], [ -21.9523609, 64.1394235 ], [ -21.9527525, 64.1394995 ] ] ] } },
{ "type": "Feature", "properties": { "osm_id": 583363936, "osm_class": "natural", "osm_value": "scrub", "name": "" }, "geometry": { "type": "Polygon", "coordinates": [ [ [ -21.9550806, 64.1380902 ], [ -21.9542128, 64.1379027 ], [ -21.9541108, 64.1379096 ], [ -21.9540299, 64.1379342 ], [ -21.9536683, 64.1382683 ], [ -21.9541358, 64.1382868 ], [ -21.954372, 64.1382962 ], [ -21.9548216, 64.138208 ], [ -21.9549944, 64.1381692 ], [ -21.9550806, 64.1380902 ] ] ] } },
{ "type": "Feature", "properties": { "osm_id": 618599157, "osm_class": "landuse", "osm_value": "grass", "name": "" }, "geometry": { "type": "Polygon", "coordinates": [ [ [ -21.9541358, 64.1382868 ], [ -21.9544599, 64.1383906 ], [ -21.9546814, 64.138329 ], [ -21.9547967, 64.1382892 ], [ -21.9549944, 64.1381692 ], [ -21.9548216, 64.138208 ], [ -21.954372, 64.1382962 ], [ -21.9541358, 64.1382868 ] ] ] } },
{ "type": "Feature", "properties": { "osm_id": 692089599, "osm_class": "building", "osm_value": "house", "name": "" }, "geometry": { "type": "Polygon", "coordinates": [ [ [ -21.9544502, 64.1377703 ], [ -21.9544467, 64.1377733 ], [ -21.9543314, 64.1377482 ], [ -21.9543844, 64.1377019 ], [ -21.9544997, 64.1377271 ], [ -21.9544934, 64.1377326 ], [ -21.9545326, 64.1377411 ], [ -21.9544894, 64.1377788 ], [ -21.9544502, 64.1377703 ] ] ] } },
{ "type": "Feature", "properties": { "osm_id": 694820967, "osm_class": "natural", "osm_value": "scrub", "name": "" }, "geometry": { "type": "Polygon", "coordinates": [ [ [ -21.9506392, 64.1391413 ], [ -21.9505076, 64.1392537 ], [ -21.9505237, 64.1392713 ], [ -21.9505532, 64.139276 ], [ -21.9505828, 64.1392725 ], [ -21.9506983, 64.1391729 ], [ -21.9507036, 64.1391542 ], [ -21.9506687, 64.1391401 ], [ -21.9506392, 64.1391413 ] ] ] } },
{ "type": "Feature", "properties": { "osm_id": 694820968, "osm_class": "natural", "osm_value": "scrub", "name": "" }, "geometry": { "type": "Polygon", "coordinates": [ [ [ -21.9509829, 64.139242 ], [ -21.9508675, 64.1393252 ], [ -21.9508728, 64.1393357 ], [ -21.9508997, 64.1393404 ], [ -21.9512595, 64.1393006 ], [ -21.9512676, 64.1392901 ], [ -21.9512515, 64.1392807 ], [ -21.9510259, 64.1392338 ], [ -21.9509829, 64.139242 ] ] ] } },
{ "type": "Feature", "properties": { "osm_id": 694820969, "osm_class": "natural", "osm_value": "wood", "name": "" }, "geometry": { "type": "Polygon", "coordinates": [ [ [ -21.9507678, 64.1390315 ], [ -21.9507274, 64.1390758 ], [ -21.9507379, 64.1391155 ], [ -21.9507974, 64.1391323 ], [ -21.9508551, 64.139162 ], [ -21.9510194, 64.1392105 ], [ -21.9515324, 64.1393231 ], [ -21.951677, 64.1393626 ], [ -21.9517167, 64.1393639 ], [ -21.9517564, 64.1393503 ], [ -21.9517989, 64.1393144 ], [ -21.9517904, 64.139274 ], [ -21.9516793, 64.1392512 ], [ -21.9515999, 64.1392393 ], [ -21.951592, 64.1391945 ], [ -21.9509031, 64.1390572 ], [ -21.9508918, 64.1390449 ], [ -21.9508011, 64.1390251 ], [ -21.9507678, 64.1390315 ] ] ] } },
{ "type": "Feature", "properties": { "osm_id": 694820970, "osm_class": "landuse", "osm_value": "grass", "name": "" }, "geometry": { "type": "Polygon", "coordinates": [ [ [ -21.9507274, 64.1390758 ], [ -21.9506392, 64.1391413 ], [ -21.9506687, 64.1391401 ], [ -21.9507036, 64.1391542 ], [ -21.9506983, 64.1391729 ], [ -21.9505828, 64.1392725 ], [ -21.9505532, 64.139276 ], [ -21.9505237, 64.1392713 ], [ -21.9505076, 64.1392537 ], [ -21.9502725, 64.139439 ], [ -21.9502675, 64.1394567 ], [ -21.9502902, 64.1394776 ], [ -21.9505741, 64.1395177 ], [ -21.9506081, 64.1395034 ], [ -21.9506359, 64.1394699 ], [ -21.950545, 64.1394501 ], [ -21.9506611, 64.1393532 ], [ -21.9511521, 64.1394662 ], [ -21.9513465, 64.1393045 ], [ -21.9516001, 64.1393628 ], [ -21.9513283, 64.1395914 ], [ -21.951485, 64.1396234 ], [ -21.9520045, 64.139163 ], [ -21.95182, 64.1391242 ], [ -21.9517754, 64.139162 ], [ -21.9518865, 64.1391848 ], [ -21.9517904, 64.139274 ], [ -21.9517989, 64.1393144 ], [ -21.9517564, 64.1393503 ], [ -21.9517167, 64.1393639 ], [ -21.951677, 64.1393626 ], [ -21.9515324, 64.1393231 ], [ -21.9510194, 64.1392105 ], [ -21.9508551, 64.139162 ], [ -21.9507974, 64.1391323 ], [ -21.9507379, 64.1391155 ], [ -21.9507274, 64.1390758 ] ] ] } },
{ "type": "Feature", "properties": { "osm_id": 694820974, "osm_class": "landuse", "osm_value": "grass", "name": "" }, "geometry": { "type": "Polygon", "coordinates": [ [ [ -21.9546158, 64.1384727 ], [ -21.9545125, 64.1384715 ], [ -21.954456, 64.1384846 ], [ -21.9543561, 64.1386051 ], [ -21.954263, 64.1386776 ], [ -21.9543262, 64.1386922 ], [ -21.9539906, 64.1390186 ], [ -21.9540517, 64.1390336 ], [ -21.9541757, 64.1389213 ], [ -21.95421, 64.1389285 ], [ -21.9542346, 64.1389062 ], [ -21.9542067, 64.1389003 ], [ -21.9544437, 64.1386857 ], [ -21.9546232, 64.1387234 ], [ -21.9546268, 64.1387242 ], [ -21.9546776, 64.1387348 ], [ -21.9548075, 64.1387621 ], [ -21.954423, 64.1391104 ], [ -21.9544139, 64.1391385 ], [ -21.9546206, 64.139183 ], [ -21.9550658, 64.1388902 ], [ -21.9555985, 64.1384 ], [ -21.9555016, 64.1383783 ], [ -21.9551816, 64.1386502 ], [ -21.9547454, 64.1385526 ], [ -21.9545727, 64.1385139 ], [ -21.9546158, 64.1384727 ] ] ] } },
{ "type": "Feature", "properties": { "osm_id": 695971276, "osm_class": "natural", "osm_value": "water", "name": "" }, "geometry": { "type": "Polygon", "coordinates": [ [ [ -21.9439307, 64.1366876 ], [ -21.9438386, 64.1366814 ], [ -21.9437269, 64.1366665 ], [ -21.9436598, 64.1366748 ], [ -21.9434479, 64.1367356 ], [ -21.9433813, 64.1367598 ], [ -21.9433165, 64.1367894 ], [ -21.9433343, 64.1368744 ], [ -21.9433514, 64.1369029 ], [ -21.9434292, 64.1369369 ], [ -21.9434828, 64.1369415 ], [ -21.9436079, 64.1369043 ], [ -21.9437444, 64.1368479 ], [ -21.9439227, 64.136762 ], [ -21.9439526, 64.1367434 ], [ -21.9439656, 64.1367274 ], [ -21.9439633, 64.1367118 ], [ -21.9439307, 64.1366876 ] ] ] } },
{ "type": "Feature", "properties": { "osm_id": 696672981, "osm_class": "landuse", "osm_value": "grass", "name": "" }, "geometry": { "type": "Polygon", "coordinates": [ [ [ -21.9490256, 64.1378935 ], [ -21.948963, 64.1379465 ], [ -21.948063, 64.1377444 ], [ -21.9479263, 64.1376613 ], [ -21.9480914, 64.1376133 ], [ -21.9481655, 64.1375571 ], [ -21.9482034, 64.1375661 ], [ -21.9480701, 64.1376791 ], [ -21.9490256, 64.1378935 ] ] ] } },
{ "type": "Feature", "properties": { "osm_id": 703175696, "osm_class": "building", "osm_value": "yes", "name": "" }, "geometry": { "type": "Polygon", "coordinates": [ [ [ -21.9468822, 64.143092 ], [ -21.9470939, 64.1431178 ], [ -21.9470561, 64.1431766 ], [ -21.9468444, 64.1431508 ], [ -21.9468822, 64.143092 ] ] ] } },
{ "type": "Feature", "properties": { "osm_id": 718110038, "osm_class": "natural", "osm_value": "scrub", "name": "" }, "geometry": { "type": "Polygon", "coordinates": [ [ [ -21.9542702, 64.1393308 ], [ -21.9542974, 64.1393067 ], [ -21.954387, 64.1393278 ], [ -21.9544175, 64.1393278 ], [ -21.954439, 64.1393129 ], [ -21.954439, 64.1392981 ], [ -21.9544157, 64.1392856 ], [ -21.9543709, 64.1392793 ], [ -21.9542527, 64.1392856 ], [ -21.9541953, 64.1392942 ], [ -21.954181, 64.1393028 ], [ -21.9541882, 64.1393137 ], [ -21.9542702, 64.1393308 ] ] ] } },
{ "type": "Feature", "properties": { "osm_id": 722695743, "osm_class": "building", "osm_value": "yes", "name": "" }, "geometry": { "type": "Polygon", "coordinates": [ [ [ -21.9524988, 64.140126 ], [ -21.9524198, 64.1402023 ], [ -21.9524884, 64.1402158 ], [ -21.9525673, 64.1401395 ], [ -21.9524988, 64.140126 ] ] ] } },
{ "type": "Feature", "properties": { "osm_id": 745387183, "osm_class": "landuse", "osm_value": "grass", "name": "" }, "geometry": { "type": "Polygon", "coordinates": [ [ [ -21.9555454, 64.1411796 ], [ -21.9554129, 64.1411363 ], [ -21.9552099, 64.1411081 ], [ -21.9550238, 64.1411037 ], [ -21.9548235, 64.1411117 ], [ -21.9545222, 64.1411565 ], [ -21.9543214, 64.1412143 ], [ -21.9542654, 64.141237 ], [ -21.9542046, 64.1412617 ], [ -21.9541167, 64.1413106 ], [ -21.9540155, 64.1414049 ], [ -21.9539855, 64.1414964 ], [ -21.9540078, 64.1415674 ], [ -21.9540626, 64.1416362 ], [ -21.9541533, 64.1417147 ], [ -21.9542672, 64.1417717 ], [ -21.9545354, 64.1418396 ], [ -21.9547771, 64.1418627 ], [ -21.9549378, 64.1418586 ], [ -21.954999, 64.1418555 ], [ -21.9551849, 64.1418353 ], [ -21.9553647, 64.1417956 ], [ -21.9555138, 64.1417259 ], [ -21.9556181, 64.1416486 ], [ -21.9556919, 64.1415713 ], [ -21.9557311, 64.1415046 ], [ -21.9557408, 64.1414266 ], [ -21.9557374, 64.14135 ], [ -21.9556778, 64.1412677 ], [ -21.9555454, 64.1411796 ] ] ] } },
{ "type": "Feature", "properties": { "osm_id": 745387184, "osm_class": "landuse", "osm_value": "grass", "name": "" }, "geometry": { "type": "Polygon", "coordinates": [ [ [ -21.9539666, 64.1411179 ], [ -21.9539158, 64.1411215 ], [ -21.9538709, 64.1411324 ], [ -21.9538373, 64.1411494 ], [ -21.953819, 64.1411704 ], [ -21.9538183, 64.1411929 ], [ -21.9538353, 64.141214 ], [ -21.9538678, 64.1412314 ], [ -21.953912, 64.1412429 ], [ -21.9539626, 64.1412471 ], [ -21.9540134, 64.1412435 ], [ -21.9540583, 64.1412326 ], [ -21.9540919, 64.1412156 ], [ -21.9541102, 64.1411946 ], [ -21.9541109, 64.1411721 ], [ -21.954094, 64.1411509 ], [ -21.9540614, 64.1411335 ], [ -21.9540172, 64.1411221 ], [ -21.9539666, 64.1411179 ] ] ] } },
{ "type": "Feature", "properties": { "osm_id": 748805935, "osm_class": "natural", "osm_value": "scrub", "name": "" }, "geometry": { "type": "Polygon", "coordinates": [ [ [ -21.9420796, 64.1399394 ], [ -21.9419309, 64.1398125 ], [ -21.9411611, 64.1394626 ], [ -21.9409153, 64.139567 ], [ -21.941381, 64.1397589 ], [ -21.9416592, 64.1399676 ], [ -21.9419692, 64.1401255 ], [ -21.9419851, 64.1400366 ], [ -21.9420728, 64.1399646 ], [ -21.9420796, 64.1399394 ] ] ] } },
{ "type": "Feature", "properties": { "osm_id": 751269626, "osm_class": "natural", "osm_value": "wood", "name": "" }, "geometry": { "type": "Polygon", "coordinates": [ [ [ -21.9519531, 64.1386106 ], [ -21.9513535, 64.1384815 ], [ -21.9513218, 64.1384895 ], [ -21.9512869, 64.1385279 ], [ -21.9513085, 64.1385519 ], [ -21.9513601, 64.138573 ], [ -21.9516935, 64.1386534 ], [ -21.9517266, 64.1386792 ], [ -21.9517881, 64.1386978 ], [ -21.9518235, 64.1387019 ], [ -21.9518661, 64.1386916 ], [ -21.9519512, 64.1386214 ], [ -21.9519531, 64.1386106 ] ] ] } },
{ "type": "Feature", "properties": { "osm_id": 751269627, "osm_class": "landuse", "osm_value": "grass", "name": "" }, "geometry": { "type": "Polygon", "coordinates": [ [ [ -21.9480789, 64.1390228 ], [ -21.9479905, 64.1391014 ], [ -21.9479939, 64.1391157 ], [ -21.9480163, 64.1391322 ], [ -21.9480558, 64.1391464 ], [ -21.9482655, 64.1392019 ], [ -21.9484821, 64.1392746 ], [ -21.9486045, 64.1393278 ], [ -21.9486409, 64.1393224 ], [ -21.9487973, 64.1391838 ], [ -21.9487691, 64.1391772 ], [ -21.9480789, 64.1390228 ] ] ] } },
{ "type": "Feature", "properties": { "osm_id": 751269628, "osm_class": "landuse", "osm_value": "grass", "name": "" }, "geometry": { "type": "Polygon", "coordinates": [ [ [ -21.9487871, 64.1393666 ], [ -21.9487591, 64.1393872 ], [ -21.9489358, 64.1394788 ], [ -21.9491003, 64.139578 ], [ -21.9491949, 64.1396612 ], [ -21.9492631, 64.1396543 ], [ -21.9494381, 64.139507 ], [ -21.9488256, 64.1393734 ], [ -21.9487871, 64.1393666 ] ] ] } },
{ "type": "Feature", "properties": { "osm_id": 751269629, "osm_class": "landuse", "osm_value": "grass", "name": "" }, "geometry": { "type": "Polygon", "coordinates": [ [ [ -21.949303, 64.1397718 ], [ -21.9493359, 64.1398391 ], [ -21.9493572, 64.1399 ], [ -21.9493678, 64.1399667 ], [ -21.9493638, 64.1399945 ], [ -21.9493944, 64.140005 ], [ -21.9494194, 64.1400066 ], [ -21.9496859, 64.1397729 ], [ -21.9496312, 64.1397602 ], [ -21.9496044, 64.1397663 ], [ -21.9495622, 64.1397939 ], [ -21.9494569, 64.1397654 ], [ -21.9493873, 64.1397631 ], [ -21.949303, 64.1397718 ] ] ] } },
{ "type": "Feature", "properties": { "osm_id": 751269630, "osm_class": "natural", "osm_value": "scrub", "name": "" }, "geometry": { "type": "Polygon", "coordinates": [ [ [ -21.9496859, 64.1397729 ], [ -21.9494194, 64.1400066 ], [ -21.9494818, 64.1400202 ], [ -21.9499184, 64.1396373 ], [ -21.9498559, 64.1396238 ], [ -21.9496859, 64.1397729 ] ] ] } },
{ "type": "Feature", "properties": { "osm_id": 751269631, "osm_class": "natural", "osm_value": "wood", "name": "" }, "geometry": { "type": "Polygon", "coordinates": [ [ [ -21.946969, 64.1413644 ], [ -21.9469974, 64.1413905 ], [ -21.9470729, 64.1413912 ], [ -21.947123, 64.1414081 ], [ -21.9471693, 64.14144 ], [ -21.9473467, 64.1414905 ], [ -21.9474316, 64.1414888 ], [ -21.947447, 64.1414636 ], [ -21.9473197, 64.1413576 ], [ -21.9472018, 64.1413128 ], [ -21.9471611, 64.1413124 ], [ -21.9471247, 64.1413357 ], [ -21.9470605, 64.1413515 ], [ -21.946969, 64.1413644 ] ] ] } },
{ "type": "Feature", "properties": { "osm_id": 751269634, "osm_class": "natural", "osm_value": "wood", "name": "" }, "geometry": { "type": "Polygon", "coordinates": [ [ [ -21.9481511, 64.1413508 ], [ -21.9481371, 64.141328 ], [ -21.9480813, 64.1413158 ], [ -21.9480184, 64.1413219 ], [ -21.9475012, 64.1417657 ], [ -21.9475142, 64.1417782 ], [ -21.947749, 64.1417498 ], [ -21.9477594, 64.1417338 ], [ -21.947736, 64.1417293 ], [ -21.9476551, 64.1417361 ], [ -21.9476525, 64.1417247 ], [ -21.947809, 64.1416075 ], [ -21.9479447, 64.1416155 ], [ -21.9479838, 64.1416041 ], [ -21.9479969, 64.1415768 ], [ -21.9479003, 64.1415336 ], [ -21.9481511, 64.1413508 ] ] ] } },
{ "type": "Feature", "properties": { "osm_id": 751269638, "osm_class": "natural", "osm_value": "wood", "name": "" }, "geometry": { "type": "Polygon", "coordinates": [ [ [ -21.947384, 64.141789 ], [ -21.9469887, 64.1417006 ], [ -21.9469745, 64.1417077 ], [ -21.9472644, 64.1418712 ], [ -21.9473009, 64.1418677 ], [ -21.947386, 64.1418023 ], [ -21.947384, 64.141789 ] ] ] } },
{ "type": "Feature", "properties": { "osm_id": 751269639, "osm_class": "natural", "osm_value": "wood", "name": "" }, "geometry": { "type": "Polygon", "coordinates": [ [ [ -21.9477518, 64.1413612 ], [ -21.9476655, 64.1413922 ], [ -21.947549, 64.1415174 ], [ -21.9475771, 64.1415503 ], [ -21.9476202, 64.1415654 ], [ -21.947672, 64.1415569 ], [ -21.947864, 64.1413979 ], [ -21.9478554, 64.1413828 ], [ -21.9477518, 64.1413612 ] ] ] } },
{ "type": "Feature", "properties": { "osm_id": 751269640, "osm_class": "natural", "osm_value": "wood", "name": "" }, "geometry": { "type": "Polygon", "coordinates": [ [ [ -21.9480927, 64.1410233 ], [ -21.9479136, 64.1411654 ], [ -21.9477367, 64.1413235 ], [ -21.9477518, 64.1413377 ], [ -21.947877, 64.1413649 ], [ -21.947918, 64.1413574 ], [ -21.9482265, 64.1410968 ], [ -21.9482351, 64.1410535 ], [ -21.9481963, 64.1410281 ], [ -21.9480927, 64.1410233 ] ] ] } },
{ "type": "Feature", "properties": { "osm_id": 751269641, "osm_class": "landuse", "osm_value": "grass", "name": "" }, "geometry": { "type": "Polygon", "coordinates": [ [ [ -21.9513535, 64.1384815 ], [ -21.9512199, 64.1384512 ], [ -21.9511777, 64.1384591 ], [ -21.9507797, 64.138815 ], [ -21.9509636, 64.1390281 ], [ -21.9509958, 64.1390418 ], [ -21.951066, 64.138979 ], [ -21.951036, 64.1389728 ], [ -21.9510985, 64.1389156 ], [ -21.9511312, 64.1389222 ], [ -21.9514584, 64.1386294 ], [ -21.9517881, 64.1386978 ], [ -21.9517266, 64.1386792 ], [ -21.9516935, 64.1386534 ], [ -21.9513601, 64.138573 ], [ -21.9513085, 64.1385519 ], [ -21.9512869, 64.1385279 ], [ -21.9513218, 64.1384895 ], [ -21.9513535, 64.1384815 ] ] ] } },
{ "type": "Feature", "properties": { "osm_id": 776475351, "osm_class": "building", "osm_value": "apartments", "name": "" }, "geometry": { "type": "Polygon", "coordinates": [ [ [ -21.9514862, 64.1370284 ], [ -21.9516782, 64.136865 ], [ -21.9515177, 64.136829 ], [ -21.9513207, 64.1369961 ], [ -21.9513678, 64.1370066 ], [ -21.9513722, 64.1370029 ], [ -21.9514862, 64.1370284 ] ] ] } },
{ "type": "Feature", "properties": { "osm_id": 779963480, "osm_class": "building", "osm_value": "yes", "name": "" }, "geometry": { "type": "Polygon", "coordinates": [ [ [ -21.9436079, 64.1408049 ], [ -21.9434926, 64.1407453 ], [ -21.943571, 64.1407164 ], [ -21.9436863, 64.1407761 ], [ -21.9436079, 64.1408049 ] ] ] } },
{ "type": "Feature", "properties": { "osm_id": 779963481, "osm_class": "building", "osm_value": "garage", "name": "" }, "geometry": { "type": "Polygon", "coordinates": [ [ [ -21.9470787, 64.1428545 ], [ -21.9469285, 64.1428334 ], [ -21.946957, 64.1427948 ], [ -21.9471072, 64.1428158 ], [ -21.9470787, 64.1428545 ] ] ] } },
{ "type": "Feature", "properties": { "osm_id": 779963482, "osm_class": "building", "osm_value": "yes", "name": "" }, "geometry": { "type": "Polygon", "coordinates": [ [ [ -21.9457001, 64.1427504 ], [ -21.9455257, 64.142734 ], [ -21.9455405, 64.1427041 ], [ -21.9457148, 64.1427205 ], [ -21.9457001, 64.1427504 ] ] ] } },
{ "type": "Feature", "properties": { "osm_id": 779963483, "osm_class": "building", "osm_value": "yes", "name": "" }, "geometry": { "type": "Polygon", "coordinates": [ [ [ -21.9457617, 64.1430007 ], [ -21.9457349, 64.1430639 ], [ -21.9456728, 64.1430588 ], [ -21.9456996, 64.1429957 ], [ -21.9457617, 64.1430007 ] ] ] } },
{ "type": "Feature", "properties": { "osm_id": 779963484, "osm_class": "building", "osm_value": "yes", "name": "" }, "geometry": { "type": "Polygon", "coordinates": [ [ [ -21.946156, 64.1421573 ], [ -21.946215, 64.1421888 ], [ -21.9461356, 64.1422171 ], [ -21.9460766, 64.1421855 ], [ -21.946156, 64.1421573 ] ] ] } },
{ "type": "Feature", "properties": { "osm_id": 779963485, "osm_class": "building", "osm_value": "yes", "name": "" }, "geometry": { "type": "Polygon", "coordinates": [ [ [ -21.9458395, 64.1423737 ], [ -21.9456907, 64.1423615 ], [ -21.9457068, 64.1423241 ], [ -21.9458556, 64.1423362 ], [ -21.9458395, 64.1423737 ] ] ] } },
{ "type": "Feature", "properties": { "osm_id": 779963486, "osm_class": "building", "osm_value": "yes", "name": "" }, "geometry": { "type": "Polygon", "coordinates": [ [ [ -21.9461855, 64.142314 ], [ -21.9459495, 64.1422906 ], [ -21.9459699, 64.1422514 ], [ -21.9460732, 64.1422616 ], [ -21.9460917, 64.1422263 ], [ -21.9462244, 64.1422394 ], [ -21.9461855, 64.142314 ] ] ] } },
{ "type": "Feature", "properties": { "osm_id": 779963487, "osm_class": "building", "osm_value": "yes", "name": "" }, "geometry": { "type": "Polygon", "coordinates": [ [ [ -21.9460112, 64.1425772 ], [ -21.9457537, 64.1425573 ], [ -21.9457665, 64.1425258 ], [ -21.946024, 64.1425457 ], [ -21.9460112, 64.1425772 ] ] ] } },
{ "type": "Feature", "properties": { "osm_id": 779963488, "osm_class": "building", "osm_value": "yes", "name": "" }, "geometry": { "type": "Polygon", "coordinates": [ [ [ -21.9459254, 64.1429083 ], [ -21.9458985, 64.1429469 ], [ -21.9457965, 64.1429334 ], [ -21.9458233, 64.1428948 ], [ -21.9459254, 64.1429083 ] ] ] } },
{ "type": "Feature", "properties": { "osm_id": 779963489, "osm_class": "building", "osm_value": "yes", "name": "" }, "geometry": { "type": "Polygon", "coordinates": [ [ [ -21.9469821, 64.143044 ], [ -21.9468614, 64.1430276 ], [ -21.9468823, 64.1429983 ], [ -21.947003, 64.1430147 ], [ -21.9469821, 64.143044 ] ] ] } },
{ "type": "Feature", "properties": { "osm_id": 779963529, "osm_class": "building", "osm_value": "yes", "name": "" }, "geometry": { "type": "Polygon", "coordinates": [ [ [ -21.9542751, 64.14323 ], [ -21.9541732, 64.1432662 ], [ -21.9540837, 64.1432184 ], [ -21.9541856, 64.1431821 ], [ -21.9542751, 64.14323 ] ] ] } },
{ "type": "Feature", "properties": { "osm_id": 779963530, "osm_class": "building", "osm_value": "yes", "name": "" }, "geometry": { "type": "Polygon", "coordinates": [ [ [ -21.9544628, 64.143423 ], [ -21.9543904, 64.1433867 ], [ -21.9545086, 64.1433418 ], [ -21.9545811, 64.1433781 ], [ -21.9544628, 64.143423 ] ] ] } },
{ "type": "Feature", "properties": { "osm_id": 779963531, "osm_class": "building", "osm_value": "yes", "name": "" }, "geometry": { "type": "Polygon", "coordinates": [ [ [ -21.9532836, 64.1438263 ], [ -21.9531758, 64.1437684 ], [ -21.9533068, 64.1437221 ], [ -21.9533416, 64.1437408 ], [ -21.9534145, 64.14378 ], [ -21.9532836, 64.1438263 ] ] ] } },
{ "type": "Feature", "properties": { "osm_id": 785452634, "osm_class": "building", "osm_value": "garage", "name": "" }, "geometry": { "type": "Polygon", "coordinates": [ [ [ -21.9528763, 64.1344184 ], [ -21.9528696, 64.1343669 ], [ -21.9530306, 64.1343629 ], [ -21.953034, 64.1343892 ], [ -21.9530112, 64.1343921 ], [ -21.9529917, 64.134398 ], [ -21.9529775, 64.1344063 ], [ -21.95297, 64.1344161 ], [ -21.9528763, 64.1344184 ] ] ] } },
{ "type": "Feature", "properties": { "osm_id": 810866294, "osm_class": "building", "osm_value": "university", "name": "Edda" }, "geometry": { "type": "Polygon", "coordinates": [ [ [ -21.9499088, 64.1418912 ], [ -21.9499072, 64.1418731 ], [ -21.9501065, 64.1418465 ], [ -21.9500221, 64.1417263 ], [ -21.9499613, 64.1417344 ], [ -21.950003, 64.1416846 ], [ -21.95006, 64.1416385 ], [ -21.9501234, 64.1416 ], [ -21.9501971, 64.1415651 ], [ -21.9502234, 64.1415554 ], [ -21.9502799, 64.1415344 ], [ -21.9503236, 64.1415239 ], [ -21.9503711, 64.1415174 ], [ -21.950418, 64.1415152 ], [ -21.950465, 64.1415168 ], [ -21.9505058, 64.1415232 ], [ -21.9505441, 64.141532 ], [ -21.9506045, 64.1415531 ], [ -21.9506635, 64.1415894 ], [ -21.9506984, 64.1416244 ], [ -21.9507106, 64.14165 ], [ -21.9507443, 64.1416449 ], [ -21.950774, 64.1416822 ], [ -21.9507465, 64.1416864 ], [ -21.9507588, 64.1417017 ], [ -21.9507863, 64.1416976 ], [ -21.9508152, 64.1417339 ], [ -21.9507353, 64.141746 ], [ -21.9507372, 64.1417623 ], [ -21.9507345, 64.1417984 ], [ -21.9507225, 64.1418349 ], [ -21.9507171, 64.1418514 ], [ -21.9506974, 64.1418896 ], [ -21.9506698, 64.141927 ], [ -21.9506437, 64.1419537 ], [ -21.950688, 64.1420064 ], [ -21.9505374, 64.142145 ], [ -21.9504355, 64.1421239 ], [ -21.9504668, 64.1420951 ], [ -21.9504292, 64.1420873 ], [ -21.9503852, 64.1421027 ], [ -21.9503234, 64.142115 ], [ -21.9502565, 64.1421202 ], [ -21.9501887, 64.1421181 ], [ -21.9501306, 64.14211 ], [ -21.950078, 64.1420965 ], [ -21.9500336, 64.1420782 ], [ -21.9499997, 64.1420561 ], [ -21.9499576, 64.1420118 ], [ -21.9499445, 64.1419913 ], [ -21.9498803, 64.1420011 ], [ -21.9498523, 64.141966 ], [ -21.9498889, 64.1419604 ], [ -21.9498725, 64.1419398 ], [ -21.9498359, 64.1419454 ], [ -21.9498052, 64.1419069 ], [ -21.9499088, 64.1418912 ] ] ] } },
{ "type": "Feature", "properties": { "osm_id": 812564555, "osm_class": "building", "osm_value": "service", "name": "" }, "geometry": { "type": "Polygon", "coordinates": [ [ [ -21.9451019, 64.136572 ], [ -21.9450349, 64.1365462 ], [ -21.9450804, 64.1365237 ], [ -21.9451475, 64.1365494 ], [ -21.9451019, 64.136572 ] ] ] } },
{ "type": "Feature", "properties": { "osm_id": 812989792, "osm_class": "building", "osm_value": "roof", "name": "" }, "geometry": { "type": "Polygon", "coordinates": [ [ [ -21.9517988, 64.1366779 ], [ -21.9516785, 64.1367783 ], [ -21.9517419, 64.1367928 ], [ -21.9518622, 64.1366923 ], [ -21.9517988, 64.1366779 ] ] ] } },
{ "type": "Feature", "properties": { "osm_id": 824627065, "osm_class": "building", "osm_value": "garage", "name": "" }, "geometry": { "type": "Polygon", "coordinates": [ [ [ -21.9540927, 64.1335636 ], [ -21.9539049, 64.1335449 ], [ -21.9539228, 64.1335109 ], [ -21.9541105, 64.1335296 ], [ -21.9540927, 64.1335636 ] ] ] } },
{ "type": "Feature", "properties": { "osm_id": 824627067, "osm_class": "building", "osm_value": "yes", "name": "" }, "geometry": { "type": "Polygon", "coordinates": [ [ [ -21.9542483, 64.1337216 ], [ -21.954176, 64.1337144 ], [ -21.9542071, 64.1336551 ], [ -21.9542793, 64.1336623 ], [ -21.9542483, 64.1337216 ] ] ] } },
{ "type": "Feature", "properties": { "osm_id": 824631136, "osm_class": "building", "osm_value": "yes", "name": "" }, "geometry": { "type": "Polygon", "coordinates": [ [ [ -21.9519335, 64.1355166 ], [ -21.9518985, 64.1355518 ], [ -21.9516759, 64.1355097 ], [ -21.9517109, 64.1354745 ], [ -21.9519335, 64.1355166 ] ] ] } },
{ "type": "Feature", "properties": { "osm_id": 832597253, "osm_class": "landuse", "osm_value": "flowerbed", "name": "" }, "geometry": { "type": "Polygon", "coordinates": [ [ [ -21.9501991, 64.1363692 ], [ -21.9502138, 64.1363569 ], [ -21.9501167, 64.1363348 ], [ -21.950102, 64.136347 ], [ -21.9501991, 64.1363692 ] ] ] } },
{ "type": "Feature", "properties": { "osm_id": 832597260, "osm_class": "building", "osm_value": "roof", "name": "" }, "geometry": { "type": "Polygon", "coordinates": [ [ [ -21.950181, 64.1395685 ], [ -21.950161, 64.1395702 ], [ -21.9500449, 64.1398889 ], [ -21.9500948, 64.1398791 ], [ -21.950181, 64.1395685 ] ] ] } },
{ "type": "Feature", "properties": { "osm_id": 833635149, "osm_class": "natural", "osm_value": "water", "name": "" }, "geometry": { "type": "Polygon", "coordinates": [ [ [ -21.9509325, 64.1432069 ], [ -21.9500838, 64.1430255 ], [ -21.9501533, 64.1429635 ], [ -21.9500325, 64.1429377 ], [ -21.9500478, 64.142924 ], [ -21.950034, 64.142921 ], [ -21.9500801, 64.1428799 ], [ -21.9500939, 64.1428829 ], [ -21.9501092, 64.1428692 ], [ -21.9502301, 64.142895 ], [ -21.9504143, 64.1427307 ], [ -21.9502935, 64.1427048 ], [ -21.9503088, 64.1426911 ], [ -21.950295, 64.1426882 ], [ -21.950341, 64.1426471 ], [ -21.9503549, 64.1426501 ], [ -21.9503702, 64.1426364 ], [ -21.9504911, 64.1426622 ], [ -21.9505606, 64.1426001 ], [ -21.9507671, 64.1426443 ], [ -21.9508351, 64.1426588 ], [ -21.9514093, 64.1427815 ], [ -21.9513398, 64.1428436 ], [ -21.9514606, 64.1428694 ], [ -21.9514453, 64.1428831 ], [ -21.9514591, 64.142886 ], [ -21.951413, 64.1429271 ], [ -21.9513992, 64.1429242 ], [ -21.9513839, 64.1429379 ], [ -21.951263, 64.142912 ], [ -21.9511737, 64.1429917 ], [ -21.9513142, 64.1430224 ], [ -21.9516036, 64.1427617 ], [ -21.9504679, 64.1425218 ], [ -21.9498751, 64.1430555 ], [ -21.9510108, 64.1432955 ], [ -21.9512953, 64.1430393 ], [ -21.9511539, 64.1430094 ], [ -21.9510788, 64.1430764 ], [ -21.9511997, 64.1431022 ], [ -21.9511843, 64.1431159 ], [ -21.9511981, 64.1431189 ], [ -21.9511521, 64.14316 ], [ -21.9511383, 64.143157 ], [ -21.9511229, 64.1431707 ], [ -21.951002, 64.1431449 ], [ -21.9509325, 64.1432069 ] ] ] } },
{ "type": "Feature", "properties": { "osm_id": 833635169, "osm_class": "natural", "osm_value": "scrub", "name": "" }, "geometry": { "type": "Polygon", "coordinates": [ [ [ -21.9500079, 64.1424997 ], [ -21.9499037, 64.1424782 ], [ -21.9499539, 64.1424318 ], [ -21.9500581, 64.1424532 ], [ -21.9500079, 64.1424997 ] ] ] } },
{ "type": "Feature", "properties": { "osm_id": 833635170, "osm_class": "natural", "osm_value": "scrub", "name": "" }, "geometry": { "type": "Polygon", "coordinates": [ [ [ -21.9501281, 64.1425247 ], [ -21.9500239, 64.1425032 ], [ -21.9500742, 64.1424568 ], [ -21.9501784, 64.1424782 ], [ -21.9501281, 64.1425247 ] ] ] } },
{ "type": "Feature", "properties": { "osm_id": 833635171, "osm_class": "natural", "osm_value": "scrub", "name": "" }, "geometry": { "type": "Polygon", "coordinates": [ [ [ -21.9502564, 64.1425509 ], [ -21.9501522, 64.1425294 ], [ -21.9502024, 64.142483 ], [ -21.9503066, 64.1425044 ], [ -21.9502564, 64.1425509 ] ] ] } },
{ "type": "Feature", "properties": { "osm_id": 833635172, "osm_class": "natural", "osm_value": "scrub", "name": "" }, "geometry": { "type": "Polygon", "coordinates": [ [ [ -21.9503779, 64.1425765 ], [ -21.9502737, 64.142555 ], [ -21.950324, 64.1425085 ], [ -21.9504282, 64.14253 ], [ -21.9503779, 64.1425765 ] ] ] } },
{ "type": "Feature", "properties": { "osm_id": 833635173, "osm_class": "natural", "osm_value": "scrub", "name": "" }, "geometry": { "type": "Polygon", "coordinates": [ [ [ -21.9499448, 64.1425547 ], [ -21.9498406, 64.1425332 ], [ -21.9498909, 64.1424867 ], [ -21.9499951, 64.1425082 ], [ -21.9499448, 64.1425547 ] ] ] } },
{ "type": "Feature", "properties": { "osm_id": 833635174, "osm_class": "natural", "osm_value": "scrub", "name": "" }, "geometry": { "type": "Polygon", "coordinates": [ [ [ -21.9501933, 64.1426058 ], [ -21.9500891, 64.1425844 ], [ -21.9501394, 64.1425379 ], [ -21.9502436, 64.1425594 ], [ -21.9501933, 64.1426058 ] ] ] } },
{ "type": "Feature", "properties": { "osm_id": 833635175, "osm_class": "natural", "osm_value": "scrub", "name": "" }, "geometry": { "type": "Polygon", "coordinates": [ [ [ -21.9503149, 64.1426314 ], [ -21.9502107, 64.14261 ], [ -21.9502609, 64.1425635 ], [ -21.9503652, 64.1425849 ], [ -21.9503149, 64.1426314 ] ] ] } },
{ "type": "Feature", "properties": { "osm_id": 833635176, "osm_class": "natural", "osm_value": "scrub", "name": "" }, "geometry": { "type": "Polygon", "coordinates": [ [ [ -21.9498845, 64.1426108 ], [ -21.9497803, 64.1425894 ], [ -21.9498305, 64.1425429 ], [ -21.9499347, 64.1425643 ], [ -21.9498845, 64.1426108 ] ] ] } },
{ "type": "Feature", "properties": { "osm_id": 833635177, "osm_class": "natural", "osm_value": "scrub", "name": "" }, "geometry": { "type": "Polygon", "coordinates": [ [ [ -21.9500047, 64.1426358 ], [ -21.9499005, 64.1426144 ], [ -21.9499508, 64.1425679 ], [ -21.950055, 64.1425893 ], [ -21.9500047, 64.1426358 ] ] ] } },
{ "type": "Feature", "properties": { "osm_id": 833635178, "osm_class": "natural", "osm_value": "scrub", "name": "" }, "geometry": { "type": "Polygon", "coordinates": [ [ [ -21.950133, 64.142662 ], [ -21.9500288, 64.1426406 ], [ -21.950079, 64.1425941 ], [ -21.9501832, 64.1426155 ], [ -21.950133, 64.142662 ] ] ] } },
{ "type": "Feature", "properties": { "osm_id": 833635179, "osm_class": "natural", "osm_value": "scrub", "name": "" }, "geometry": { "type": "Polygon", "coordinates": [ [ [ -21.9502546, 64.1426876 ], [ -21.9501503, 64.1426662 ], [ -21.9502006, 64.1426197 ], [ -21.9503048, 64.1426411 ], [ -21.9502546, 64.1426876 ] ] ] } },
{ "type": "Feature", "properties": { "osm_id": 833635180, "osm_class": "natural", "osm_value": "scrub", "name": "" }, "geometry": { "type": "Polygon", "coordinates": [ [ [ -21.9498241, 64.142667 ], [ -21.9497199, 64.1426455 ], [ -21.9497702, 64.142599 ], [ -21.9498744, 64.1426205 ], [ -21.9498241, 64.142667 ] ] ] } },
{ "type": "Feature", "properties": { "osm_id": 833635181, "osm_class": "natural", "osm_value": "scrub", "name": "" }, "geometry": { "type": "Polygon", "coordinates": [ [ [ -21.9499444, 64.142692 ], [ -21.9498402, 64.1426705 ], [ -21.9498904, 64.142624 ], [ -21.9499946, 64.1426455 ], [ -21.9499444, 64.142692 ] ] ] } },
{ "type": "Feature", "properties": { "osm_id": 833635182, "osm_class": "natural", "osm_value": "scrub", "name": "" }, "geometry": { "type": "Polygon", "coordinates": [ [ [ -21.9500726, 64.1427181 ], [ -21.9499684, 64.1426967 ], [ -21.9500187, 64.1426502 ], [ -21.9501229, 64.1426717 ], [ -21.9500726, 64.1427181 ] ] ] } },
{ "type": "Feature", "properties": { "osm_id": 833635183, "osm_class": "natural", "osm_value": "scrub", "name": "" }, "geometry": { "type": "Polygon", "coordinates": [ [ [ -21.9497638, 64.1427249 ], [ -21.9496596, 64.1427034 ], [ -21.9497098, 64.142657 ], [ -21.949814, 64.1426784 ], [ -21.9497638, 64.1427249 ] ] ] } },
{ "type": "Feature", "properties": { "osm_id": 833635184, "osm_class": "natural", "osm_value": "scrub", "name": "" }, "geometry": { "type": "Polygon", "coordinates": [ [ [ -21.9500123, 64.1427761 ], [ -21.9499081, 64.1427546 ], [ -21.9499583, 64.1427081 ], [ -21.9500625, 64.1427296 ], [ -21.9500123, 64.1427761 ] ] ] } },
{ "type": "Feature", "properties": { "osm_id": 833635185, "osm_class": "natural", "osm_value": "scrub", "name": "" }, "geometry": { "type": "Polygon", "coordinates": [ [ [ -21.9497008, 64.1427798 ], [ -21.9495966, 64.1427584 ], [ -21.9496468, 64.1427119 ], [ -21.949751, 64.1427334 ], [ -21.9497008, 64.1427798 ] ] ] } },
{ "type": "Feature", "properties": { "osm_id": 833635186, "osm_class": "natural", "osm_value": "scrub", "name": "" }, "geometry": { "type": "Polygon", "coordinates": [ [ [ -21.949821, 64.1428048 ], [ -21.9497168, 64.1427834 ], [ -21.949767, 64.1427369 ], [ -21.9498713, 64.1427584 ], [ -21.949821, 64.1428048 ] ] ] } },
{ "type": "Feature", "properties": { "osm_id": 833635187, "osm_class": "natural", "osm_value": "scrub", "name": "" }, "geometry": { "type": "Polygon", "coordinates": [ [ [ -21.9499493, 64.142831 ], [ -21.9498451, 64.1428096 ], [ -21.9498953, 64.1427631 ], [ -21.9499995, 64.1427845 ], [ -21.9499493, 64.142831 ] ] ] } },
{ "type": "Feature", "properties": { "osm_id": 833635188, "osm_class": "natural", "osm_value": "scrub", "name": "" }, "geometry": { "type": "Polygon", "coordinates": [ [ [ -21.9496444, 64.142836 ], [ -21.9495402, 64.1428146 ], [ -21.9495905, 64.1427681 ], [ -21.9496947, 64.1427895 ], [ -21.9496444, 64.142836 ] ] ] } },
{ "type": "Feature", "properties": { "osm_id": 833635189, "osm_class": "natural", "osm_value": "scrub", "name": "" }, "geometry": { "type": "Polygon", "coordinates": [ [ [ -21.9497647, 64.142861 ], [ -21.9496605, 64.1428396 ], [ -21.9497107, 64.1427931 ], [ -21.9498149, 64.1428145 ], [ -21.9497647, 64.142861 ] ] ] } },
{ "type": "Feature", "properties": { "osm_id": 833635190, "osm_class": "natural", "osm_value": "scrub", "name": "" }, "geometry": { "type": "Polygon", "coordinates": [ [ [ -21.9498929, 64.1428872 ], [ -21.9497887, 64.1428658 ], [ -21.949839, 64.1428193 ], [ -21.9499432, 64.1428407 ], [ -21.9498929, 64.1428872 ] ] ] } },
{ "type": "Feature", "properties": { "osm_id": 833635191, "osm_class": "natural", "osm_value": "scrub", "name": "" }, "geometry": { "type": "Polygon", "coordinates": [ [ [ -21.9500145, 64.1429128 ], [ -21.9499103, 64.1428913 ], [ -21.9499605, 64.1428449 ], [ -21.9500647, 64.1428663 ], [ -21.9500145, 64.1429128 ] ] ] } },
{ "type": "Feature", "properties": { "osm_id": 833635192, "osm_class": "natural", "osm_value": "scrub", "name": "" }, "geometry": { "type": "Polygon", "coordinates": [ [ [ -21.9495854, 64.1428916 ], [ -21.9494812, 64.1428701 ], [ -21.9495315, 64.1428236 ], [ -21.9496357, 64.1428451 ], [ -21.9495854, 64.1428916 ] ] ] } },
{ "type": "Feature", "properties": { "osm_id": 833635193, "osm_class": "natural", "osm_value": "scrub", "name": "" }, "geometry": { "type": "Polygon", "coordinates": [ [ [ -21.9497057, 64.1429166 ], [ -21.9496015, 64.1428951 ], [ -21.9496517, 64.1428486 ], [ -21.9497559, 64.1428701 ], [ -21.9497057, 64.1429166 ] ] ] } },
{ "type": "Feature", "properties": { "osm_id": 833635194, "osm_class": "natural", "osm_value": "scrub", "name": "" }, "geometry": { "type": "Polygon", "coordinates": [ [ [ -21.9499555, 64.1429683 ], [ -21.9498513, 64.1429469 ], [ -21.9499015, 64.1429004 ], [ -21.9500057, 64.1429218 ], [ -21.9499555, 64.1429683 ] ] ] } },
{ "type": "Feature", "properties": { "osm_id": 833635195, "osm_class": "natural", "osm_value": "scrub", "name": "" }, "geometry": { "type": "Polygon", "coordinates": [ [ [ -21.9495217, 64.1429468 ], [ -21.9494175, 64.1429254 ], [ -21.9494678, 64.1428789 ], [ -21.949572, 64.1429004 ], [ -21.9495217, 64.1429468 ] ] ] } },
{ "type": "Feature", "properties": { "osm_id": 833635196, "osm_class": "natural", "osm_value": "scrub", "name": "" }, "geometry": { "type": "Polygon", "coordinates": [ [ [ -21.949642, 64.1429718 ], [ -21.9495378, 64.1429504 ], [ -21.949588, 64.1429039 ], [ -21.9496922, 64.1429253 ], [ -21.949642, 64.1429718 ] ] ] } },
{ "type": "Feature", "properties": { "osm_id": 833635197, "osm_class": "natural", "osm_value": "scrub", "name": "" }, "geometry": { "type": "Polygon", "coordinates": [ [ [ -21.9497702, 64.142998 ], [ -21.949666, 64.1429766 ], [ -21.9497163, 64.1429301 ], [ -21.9498205, 64.1429515 ], [ -21.9497702, 64.142998 ] ] ] } },
{ "type": "Feature", "properties": { "osm_id": 833635198, "osm_class": "natural", "osm_value": "scrub", "name": "" }, "geometry": { "type": "Polygon", "coordinates": [ [ [ -21.9498918, 64.1430236 ], [ -21.9497876, 64.1430022 ], [ -21.9498378, 64.1429557 ], [ -21.949942, 64.1429771 ], [ -21.9498918, 64.1430236 ] ] ] } },
{ "type": "Feature", "properties": { "osm_id": 840571433, "osm_class": "natural", "osm_value": "scrub", "name": "" }, "geometry": { "type": "Polygon", "coordinates": [ [ [ -21.9457047, 64.1395946 ], [ -21.9455228, 64.1395599 ], [ -21.945176, 64.139602 ], [ -21.9449486, 64.1397235 ], [ -21.9448463, 64.1397409 ], [ -21.9446473, 64.1397136 ], [ -21.9445848, 64.1397186 ], [ -21.9445279, 64.1397632 ], [ -21.9444597, 64.1397781 ], [ -21.9444142, 64.1398177 ], [ -21.9444313, 64.1398673 ], [ -21.9444825, 64.1398847 ], [ -21.9445734, 64.1398673 ], [ -21.9447269, 64.1398872 ], [ -21.9448179, 64.1398128 ], [ -21.944869, 64.1398202 ], [ -21.9448747, 64.1398847 ], [ -21.9447724, 64.1399442 ], [ -21.9446132, 64.1399814 ], [ -21.9444711, 64.1399715 ], [ -21.9443915, 64.1399492 ], [ -21.9443233, 64.1399864 ], [ -21.9443915, 64.1400781 ], [ -21.9448008, 64.1401401 ], [ -21.9449998, 64.140155 ], [ -21.9451362, 64.1401227 ], [ -21.9457275, 64.1396293 ], [ -21.9457047, 64.1395946 ] ] ] } },
{ "type": "Feature", "properties": { "osm_id": 846959017, "osm_class": "building", "osm_value": "garage", "name": "" }, "geometry": { "type": "Polygon", "coordinates": [ [ [ -21.9457215, 64.1442488 ], [ -21.945775, 64.1441968 ], [ -21.9459575, 64.1442324 ], [ -21.945904, 64.1442845 ], [ -21.9457215, 64.1442488 ] ] ] } },
{ "type": "Feature", "properties": { "osm_id": 846959018, "osm_class": "building", "osm_value": "yes", "name": "" }, "geometry": { "type": "Polygon", "coordinates": [ [ [ -21.945346, 64.1438956 ], [ -21.9452904, 64.1438878 ], [ -21.9453165, 64.1438523 ], [ -21.9453721, 64.1438601 ], [ -21.945346, 64.1438956 ] ] ] } },
{ "type": "Feature", "properties": { "osm_id": 846959019, "osm_class": "building", "osm_value": "garage", "name": "" }, "geometry": { "type": "Polygon", "coordinates": [ [ [ -21.9469017, 64.1434663 ], [ -21.9467929, 64.1434507 ], [ -21.9468454, 64.1433809 ], [ -21.9469542, 64.1433964 ], [ -21.9469017, 64.1434663 ] ] ] } },
{ "type": "Feature", "properties": { "osm_id": 846959020, "osm_class": "building", "osm_value": "garages", "name": "" }, "geometry": { "type": "Polygon", "coordinates": [ [ [ -21.9461581, 64.1420607 ], [ -21.9460127, 64.1421193 ], [ -21.9459261, 64.1420784 ], [ -21.9460716, 64.1420198 ], [ -21.9461581, 64.1420607 ] ] ] } },
{ "type": "Feature", "properties": { "osm_id": 849204375, "osm_class": "building", "osm_value": "yes", "name": "" }, "geometry": { "type": "Polygon", "coordinates": [ [ [ -21.9463296, 64.1410719 ], [ -21.9462286, 64.1411588 ], [ -21.9461172, 64.1411342 ], [ -21.9461036, 64.141146 ], [ -21.9460649, 64.1411374 ], [ -21.9460522, 64.1411484 ], [ -21.9459436, 64.1411244 ], [ -21.9461712, 64.1409284 ], [ -21.9462829, 64.1409531 ], [ -21.9463072, 64.1409321 ], [ -21.9464542, 64.1409646 ], [ -21.9463503, 64.1410541 ], [ -21.9463502, 64.1410542 ], [ -21.9464536, 64.141077 ], [ -21.9465529, 64.1409915 ], [ -21.9466121, 64.1410045 ], [ -21.9465992, 64.1410157 ], [ -21.9466812, 64.1410338 ], [ -21.9466354, 64.1410733 ], [ -21.9466567, 64.141078 ], [ -21.946615, 64.1411139 ], [ -21.9465643, 64.1411027 ], [ -21.9465449, 64.1411194 ], [ -21.9464927, 64.1411079 ], [ -21.9463296, 64.1410719 ] ] ] } },
{ "type": "Feature", "properties": { "osm_id": 849204376, "osm_class": "building", "osm_value": "yes", "name": "" }, "geometry": { "type": "Polygon", "coordinates": [ [ [ -21.9467847, 64.1412666 ], [ -21.9469323, 64.1412995 ], [ -21.9472602, 64.1410194 ], [ -21.9471122, 64.1409864 ], [ -21.9470888, 64.1410064 ], [ -21.9471053, 64.1410101 ], [ -21.9470772, 64.141034 ], [ -21.9470391, 64.1410254 ], [ -21.9470324, 64.1410232 ], [ -21.9470273, 64.1410203 ], [ -21.9470243, 64.1410169 ], [ -21.9470236, 64.141014 ], [ -21.9470243, 64.1410112 ], [ -21.9470265, 64.1410085 ], [ -21.9470413, 64.1409958 ], [ -21.9469792, 64.1409819 ], [ -21.9467816, 64.1411507 ], [ -21.9467625, 64.141167 ], [ -21.9468725, 64.1411915 ], [ -21.9467847, 64.1412666 ] ] ] } },
{ "type": "Feature", "properties": { "osm_id": 859906860, "osm_class": "building", "osm_value": "yes", "name": "" }, "geometry": { "type": "Polygon", "coordinates": [ [ [ -21.9465643, 64.1411027 ], [ -21.946615, 64.1411139 ], [ -21.9467816, 64.1411507 ], [ -21.9467625, 64.141167 ], [ -21.9467499, 64.1411643 ], [ -21.9464555, 64.1414179 ], [ -21.9466779, 64.141467 ], [ -21.9466718, 64.1414722 ], [ -21.9467507, 64.1414897 ], [ -21.9466973, 64.1415355 ], [ -21.9466128, 64.1415169 ], [ -21.9466014, 64.1415267 ], [ -21.9463882, 64.1414796 ], [ -21.9463238, 64.1414654 ], [ -21.9463264, 64.1414631 ], [ -21.9462621, 64.1414489 ], [ -21.9462956, 64.14142 ], [ -21.9462798, 64.1414166 ], [ -21.946264, 64.1414131 ], [ -21.946211, 64.1414587 ], [ -21.9461523, 64.1414457 ], [ -21.9461717, 64.1414291 ], [ -21.9461872, 64.1414325 ], [ -21.946221, 64.1414034 ], [ -21.9462163, 64.1414024 ], [ -21.9465449, 64.1411194 ], [ -21.9465643, 64.1411027 ] ] ] } },
{ "type": "Feature", "properties": { "osm_id": 859906869, "osm_class": "natural", "osm_value": "scrub", "name": "" }, "geometry": { "type": "Polygon", "coordinates": [ [ [ -21.9475634, 64.141312 ], [ -21.9474753, 64.1413839 ], [ -21.9475682, 64.1414055 ], [ -21.9476563, 64.1413337 ], [ -21.9475634, 64.141312 ] ] ] } },
{ "type": "Feature", "properties": { "osm_id": 859906871, "osm_class": "natural", "osm_value": "scrub", "name": "" }, "geometry": { "type": "Polygon", "coordinates": [ [ [ -21.9501073, 64.139419 ], [ -21.9499095, 64.1395839 ], [ -21.9499715, 64.1395981 ], [ -21.9501693, 64.1394332 ], [ -21.9501073, 64.139419 ] ] ] } },
{ "type": "Feature", "properties": { "osm_id": 873322214, "osm_class": "building", "osm_value": "roof", "name": "" }, "geometry": { "type": "Polygon", "coordinates": [ [ [ -21.946549, 64.1372593 ], [ -21.946334, 64.1372675 ], [ -21.9465194, 64.1373127 ], [ -21.946549, 64.1372593 ] ] ] } },
{ "type": "Feature", "properties": { "osm_id": 873322215, "osm_class": "building", "osm_value": "roof", "name": "" }, "geometry": { "type": "Polygon", "coordinates": [ [ [ -21.945751, 64.1371084 ], [ -21.9459399, 64.13716 ], [ -21.9459735, 64.1371031 ], [ -21.945751, 64.1371084 ] ] ] } },
{ "type": "Feature", "properties": { "osm_id": 873322216, "osm_class": "building", "osm_value": "roof", "name": "" }, "geometry": { "type": "Polygon", "coordinates": [ [ [ -21.9451988, 64.1369577 ], [ -21.9453699, 64.1370043 ], [ -21.9454106, 64.13695 ], [ -21.9451988, 64.1369577 ] ] ] } },
{ "type": "Feature", "properties": { "osm_id": 873322221, "osm_class": "landuse", "osm_value": "commercial", "name": "Vísindagarðar" }, "geometry": { "type": "Polygon", "coordinates": [ [ [ -21.9461733, 64.1345386 ], [ -21.9435316, 64.1356999 ], [ -21.9454775, 64.1365191 ], [ -21.9466941, 64.1370351 ], [ -21.9480962, 64.1358975 ], [ -21.9469685, 64.1356584 ], [ -21.9478189, 64.1352557 ], [ -21.9477063, 64.1352299 ], [ -21.9476526, 64.1351925 ], [ -21.9475936, 64.1351855 ], [ -21.9475624, 64.1351619 ], [ -21.9461733, 64.1345386 ] ] ] } },
{ "type": "Feature", "properties": { "osm_id": 917210400, "osm_class": "landuse", "osm_value": "grass", "name": "" }, "geometry": { "type": "Polygon", "coordinates": [ [ [ -21.9446478, 64.1332859 ], [ -21.9447283, 64.1333142 ], [ -21.9448923, 64.1332056 ], [ -21.9449206, 64.1331625 ], [ -21.9444454, 64.1330132 ], [ -21.9442531, 64.1330403 ], [ -21.9441655, 64.133102 ], [ -21.9441997, 64.133114 ], [ -21.944683, 64.1332643 ], [ -21.9446478, 64.1332859 ] ] ] } },
{ "type": "Feature", "properties": { "osm_id": 917210401, "osm_class": "landuse", "osm_value": "grass", "name": "" }, "geometry": { "type": "Polygon", "coordinates": [ [ [ -21.9448595, 64.1333684 ], [ -21.944803, 64.1333446 ], [ -21.9450362, 64.1331907 ], [ -21.9455979, 64.133356 ], [ -21.9455307, 64.133391 ], [ -21.945359, 64.133347 ], [ -21.9451801, 64.1334172 ], [ -21.9449112, 64.1333359 ], [ -21.9448595, 64.1333684 ] ] ] } },
{ "type": "Feature", "properties": { "osm_id": 917210402, "osm_class": "landuse", "osm_value": "grass", "name": "" }, "geometry": { "type": "Polygon", "coordinates": [ [ [ -21.9450386, 64.1329404 ], [ -21.944903, 64.1329297 ], [ -21.9448154, 64.1330315 ], [ -21.9459852, 64.1333872 ], [ -21.9460785, 64.1333489 ], [ -21.9460823, 64.1331934 ], [ -21.9453346, 64.1330271 ], [ -21.9450175, 64.1329615 ], [ -21.9450386, 64.1329404 ] ] ] } },
{ "type": "Feature", "properties": { "osm_id": 941766700, "osm_class": "natural", "osm_value": "water", "name": "" }, "geometry": { "type": "Polygon", "coordinates": [ [ [ -21.9512919, 64.1422894 ], [ -21.951221, 64.142356 ], [ -21.9510684, 64.1423251 ], [ -21.9511393, 64.1422585 ], [ -21.9512919, 64.1422894 ] ] ] } },
{ "type": "Feature", "properties": { "osm_id": 941766709, "osm_class": "building", "osm_value": "roof", "name": "" }, "geometry": { "type": "Polygon", "coordinates": [ [ [ -21.9531801, 64.1421221 ], [ -21.9530574, 64.1422327 ], [ -21.9529755, 64.1422473 ], [ -21.9527939, 64.142209 ], [ -21.9529688, 64.1420514 ], [ -21.9531505, 64.1420898 ], [ -21.9531801, 64.1421221 ] ] ] } },
{ "type": "Feature", "properties": { "osm_id": 987753289, "osm_class": "leisure", "osm_value": "playground", "name": "" }, "geometry": { "type": "Polygon", "coordinates": [ [ [ -21.9524442, 64.1443968 ], [ -21.9525545, 64.1444525 ], [ -21.952729, 64.1443869 ], [ -21.9526188, 64.1443311 ], [ -21.9524442, 64.1443968 ] ] ] } },
{ "type": "Feature", "properties": { "osm_id": 987928469, "osm_class": "landuse", "osm_value": "grass", "name": "" }, "geometry": { "type": "Polygon", "coordinates": [ [ [ -21.9545067, 64.142425 ], [ -21.954526, 64.1424354 ], [ -21.9546206, 64.1424862 ], [ -21.9550234, 64.1422251 ], [ -21.9545756, 64.1419947 ], [ -21.9543369, 64.1419339 ], [ -21.9542699, 64.1419273 ], [ -21.9542015, 64.141925 ], [ -21.954133, 64.1419269 ], [ -21.9540634, 64.1419333 ], [ -21.9539968, 64.1419441 ], [ -21.9539345, 64.1419591 ], [ -21.9537802, 64.1420508 ], [ -21.9538668, 64.1420955 ], [ -21.9539484, 64.1420666 ], [ -21.9541734, 64.1421875 ], [ -21.9543734, 64.142295 ], [ -21.9545722, 64.1424019 ], [ -21.9545067, 64.142425 ] ] ] } },
{ "type": "Feature", "properties": { "osm_id": 987928470, "osm_class": "landuse", "osm_value": "grass", "name": "" }, "geometry": { "type": "Polygon", "coordinates": [ [ [ -21.9536794, 64.1429099 ], [ -21.9538057, 64.1429796 ], [ -21.9539037, 64.1429734 ], [ -21.9543894, 64.142689 ], [ -21.9543667, 64.1426239 ], [ -21.9543402, 64.1426083 ], [ -21.9536041, 64.1422147 ], [ -21.9535371, 64.1422186 ], [ -21.9529983, 64.1425451 ], [ -21.9530693, 64.142584 ], [ -21.9532455, 64.1425213 ], [ -21.9534507, 64.1426309 ], [ -21.9536521, 64.1427384 ], [ -21.9538556, 64.1428472 ], [ -21.9536794, 64.1429099 ] ] ] } },
{ "type": "Feature", "properties": { "osm_id": 987928478, "osm_class": "landuse", "osm_value": "grass", "name": "" }, "geometry": { "type": "Polygon", "coordinates": [ [ [ -21.953119, 64.1434376 ], [ -21.9537507, 64.143044 ], [ -21.953689, 64.1430013 ], [ -21.9535308, 64.1430182 ], [ -21.9530614, 64.1427708 ], [ -21.9531231, 64.1427486 ], [ -21.9530144, 64.1427018 ], [ -21.9528066, 64.1426603 ], [ -21.9522688, 64.1429878 ], [ -21.9523527, 64.1430335 ], [ -21.9524222, 64.1430091 ], [ -21.952445, 64.1430215 ], [ -21.9525261, 64.142993 ], [ -21.9525338, 64.1429972 ], [ -21.9525822, 64.1430233 ], [ -21.9526034, 64.1430209 ], [ -21.9526314, 64.14305 ], [ -21.9526796, 64.1430761 ], [ -21.9527051, 64.1430746 ], [ -21.9527269, 64.1431017 ], [ -21.9527769, 64.1431287 ], [ -21.9528037, 64.1431267 ], [ -21.9528321, 64.1431586 ], [ -21.9528806, 64.1431848 ], [ -21.952909, 64.1431824 ], [ -21.9529285, 64.1432108 ], [ -21.9529808, 64.1432391 ], [ -21.9530103, 64.1432359 ], [ -21.9530341, 64.1432679 ], [ -21.9530794, 64.1432925 ], [ -21.953107, 64.143287 ], [ -21.9531372, 64.1433237 ], [ -21.9530602, 64.1433508 ], [ -21.953073, 64.1433577 ], [ -21.9530029, 64.1433823 ], [ -21.953119, 64.1434376 ] ] ] } },
{ "type": "Feature", "properties": { "osm_id": 987928479, "osm_class": "landuse", "osm_value": "grass", "name": "" }, "geometry": { "type": "Polygon", "coordinates": [ [ [ -21.9524391, 64.1438739 ], [ -21.952989, 64.1435388 ], [ -21.9529151, 64.1434965 ], [ -21.9528764, 64.1435103 ], [ -21.9521421, 64.1431179 ], [ -21.9520354, 64.1431317 ], [ -21.9515151, 64.1434546 ], [ -21.9515754, 64.1434879 ], [ -21.9516298, 64.1434847 ], [ -21.9517836, 64.1434299 ], [ -21.9518262, 64.1434526 ], [ -21.9518466, 64.1434453 ], [ -21.9519659, 64.1435089 ], [ -21.9519459, 64.1435161 ], [ -21.951991, 64.1435401 ], [ -21.9520364, 64.1435643 ], [ -21.9520518, 64.1435588 ], [ -21.9521652, 64.1436193 ], [ -21.9521502, 64.1436246 ], [ -21.9521963, 64.1436492 ], [ -21.9522385, 64.1436717 ], [ -21.9522533, 64.1436664 ], [ -21.9523699, 64.1437286 ], [ -21.9523547, 64.143734 ], [ -21.952402, 64.1437592 ], [ -21.9522446, 64.1438153 ], [ -21.9523452, 64.1438716 ], [ -21.9524391, 64.1438739 ] ] ] } },
{ "type": "Feature", "properties": { "osm_id": 987928480, "osm_class": "landuse", "osm_value": "grass", "name": "" }, "geometry": { "type": "Polygon", "coordinates": [ [ [ -21.9527395, 64.1448278 ], [ -21.9525846, 64.1447519 ], [ -21.952562, 64.1447403 ], [ -21.9526365, 64.1447128 ], [ -21.9524332, 64.1446078 ], [ -21.9522275, 64.1445008 ], [ -21.9520176, 64.1443911 ], [ -21.9519377, 64.1444202 ], [ -21.9519166, 64.1444091 ], [ -21.9518555, 64.1443785 ], [ -21.9518093, 64.1443547 ], [ -21.9517619, 64.1443302 ], [ -21.9517105, 64.1443016 ], [ -21.9516845, 64.1442883 ], [ -21.951764, 64.1442588 ], [ -21.9515489, 64.1441486 ], [ -21.9513416, 64.1440425 ], [ -21.9511285, 64.1439333 ], [ -21.951048, 64.1439632 ], [ -21.9510249, 64.1439514 ], [ -21.950979, 64.1439685 ], [ -21.9508521, 64.1439015 ], [ -21.9511221, 64.1437113 ], [ -21.9516693, 64.1440043 ], [ -21.9519778, 64.1438985 ], [ -21.9520837, 64.1439529 ], [ -21.9524807, 64.1439821 ], [ -21.952647, 64.1440663 ], [ -21.9525585, 64.1440944 ], [ -21.9526021, 64.144117 ], [ -21.9524337, 64.144179 ], [ -21.9532137, 64.1445815 ], [ -21.9532473, 64.1445691 ], [ -21.953339, 64.1446187 ], [ -21.9527395, 64.1448278 ] ] ] } },
{ "type": "Feature", "properties": { "osm_id": 1008920566, "osm_class": "landuse", "osm_value": "grass", "name": "" }, "geometry": { "type": "Polygon", "coordinates": [ [ [ -21.9516519, 64.1412144 ], [ -21.9524257, 64.1405259 ], [ -21.9523325, 64.140506 ], [ -21.9515587, 64.1411944 ], [ -21.9516519, 64.1412144 ] ] ] } },
{ "type": "Feature", "properties": { "osm_id": 1008920567, "osm_class": "landuse", "osm_value": "grass", "name": "" }, "geometry": { "type": "Polygon", "coordinates": [ [ [ -21.9516854, 64.1412465 ], [ -21.9524995, 64.1405177 ], [ -21.9525181, 64.1405244 ], [ -21.9525303, 64.1405335 ], [ -21.9525343, 64.1405416 ], [ -21.952533, 64.1405499 ], [ -21.9517685, 64.1412343 ], [ -21.9517544, 64.141242 ], [ -21.951735, 64.1412471 ], [ -21.9517101, 64.141249 ], [ -21.9516854, 64.1412465 ] ] ] } },
{ "type": "Feature", "properties": { "osm_id": 1033635904, "osm_class": "building", "osm_value": "office", "name": "" }, "geometry": { "type": "Polygon", "coordinates": [ [ [ -21.9489136, 64.13698 ], [ -21.9489816, 64.1369221 ], [ -21.949468, 64.1365086 ], [ -21.9503953, 64.1367161 ], [ -21.949841, 64.1371876 ], [ -21.9489136, 64.13698 ] ] ] } },
{ "type": "Feature", "properties": { "osm_id": 1165087075, "osm_class": "natural", "osm_value": "water", "name": "" }, "geometry": { "type": "Polygon", "coordinates": [ [ [ -21.9505374, 64.142145 ], [ -21.9504567, 64.1422192 ], [ -21.9495571, 64.1420333 ], [ -21.9501605, 64.1414781 ], [ -21.9502234, 64.1415554 ], [ -21.9501971, 64.1415651 ], [ -21.9501234, 64.1416 ], [ -21.95006, 64.1416385 ], [ -21.950003, 64.1416846 ], [ -21.9499613, 64.1417344 ], [ -21.9500221, 64.1417263 ], [ -21.9501065, 64.1418465 ], [ -21.9499072, 64.1418731 ], [ -21.9499088, 64.1418912 ], [ -21.9498052, 64.1419069 ], [ -21.9498359, 64.1419454 ], [ -21.9498725, 64.1419398 ], [ -21.9498889, 64.1419604 ], [ -21.9498523, 64.141966 ], [ -21.9498803, 64.1420011 ], [ -21.9499445, 64.1419913 ], [ -21.9499576, 64.1420118 ], [ -21.9499997, 64.1420561 ], [ -21.9500336, 64.1420782 ], [ -21.950078, 64.1420965 ], [ -21.9501306, 64.14211 ], [ -21.9501887, 64.1421181 ], [ -21.9502565, 64.1421202 ], [ -21.9503234, 64.142115 ], [ -21.9503852, 64.1421027 ], [ -21.9504292, 64.1420873 ], [ -21.9504668, 64.1420951 ], [ -21.9504355, 64.1421239 ], [ -21.9505374, 64.142145 ] ] ] } },
{ "type": "Feature", "properties": { "osm_id": 1165087076, "osm_class": "natural", "osm_value": "water", "name": "" }, "geometry": { "type": "Polygon", "coordinates": [ [ [ -21.9509304, 64.1418087 ], [ -21.951153, 64.1415993 ], [ -21.9502611, 64.141408 ], [ -21.9502508, 64.1414171 ], [ -21.9503236, 64.1415239 ], [ -21.9503711, 64.1415174 ], [ -21.950418, 64.1415152 ], [ -21.950465, 64.1415168 ], [ -21.9505058, 64.1415232 ], [ -21.9505441, 64.141532 ], [ -21.9506045, 64.1415531 ], [ -21.9506635, 64.1415894 ], [ -21.9506984, 64.1416244 ], [ -21.9507106, 64.14165 ], [ -21.9507443, 64.1416449 ], [ -21.950774, 64.1416822 ], [ -21.9507465, 64.1416864 ], [ -21.9507588, 64.1417017 ], [ -21.9507863, 64.1416976 ], [ -21.9508152, 64.1417339 ], [ -21.9507353, 64.141746 ], [ -21.9507372, 64.1417623 ], [ -21.9507345, 64.1417984 ], [ -21.9507225, 64.1418349 ], [ -21.9509304, 64.1418087 ] ] ] } },
{ "type": "Feature", "properties": { "osm_id": 1207606464, "osm_class": "leisure", "osm_value": "playground", "name": "" }, "geometry": { "type": "Polygon", "coordinates": [ [ [ -21.947469, 64.1345308 ], [ -21.9471927, 64.134408 ], [ -21.9470268, 64.1343997 ], [ -21.9465973, 64.1345871 ], [ -21.946541, 64.1346138 ], [ -21.9467663, 64.134704 ], [ -21.9470559, 64.134573 ], [ -21.9472035, 64.1346408 ], [ -21.947469, 64.1345308 ] ] ] } },
{ "type": "Feature", "properties": { "osm_id": 1207607075, "osm_class": "leisure", "osm_value": "playground", "name": "" }, "geometry": { "type": "Polygon", "coordinates": [ [ [ -21.9506223, 64.1344108 ], [ -21.9499858, 64.1346886 ], [ -21.9498554, 64.1347475 ], [ -21.9497739, 64.1347119 ], [ -21.9493991, 64.1345538 ], [ -21.9498951, 64.134338 ], [ -21.9506223, 64.1344108 ] ] ] } },
{ "type": "Feature", "properties": { "osm_id": 1217625473, "osm_class": "building", "osm_value": "yes", "name": "Pikkoló" }, "geometry": { "type": "Polygon", "coordinates": [ [ [ -21.9472088, 64.1371463 ], [ -21.9472487, 64.1371339 ], [ -21.9471907, 64.1370983 ], [ -21.9471508, 64.1371107 ], [ -21.9472088, 64.1371463 ] ] ] } },
{ "type": "Feature", "properties": { "osm_id": 1230432317, "osm_class": "building", "osm_value": "university", "name": "Háskólabíó" }, "geometry": { "type": "Polygon", "coordinates": [ [ [ -21.9556966, 64.1402118 ], [ -21.9556512, 64.140285 ], [ -21.9555194, 64.1402694 ], [ -21.9554204, 64.1405908 ], [ -21.9552843, 64.1405748 ], [ -21.9552509, 64.1406285 ], [ -21.9553677, 64.1406423 ], [ -21.9553077, 64.1407388 ], [ -21.9542684, 64.140616 ], [ -21.9542741, 64.1406067 ], [ -21.9541597, 64.1405932 ], [ -21.9541641, 64.1405862 ], [ -21.9540499, 64.1405727 ], [ -21.9540547, 64.1405648 ], [ -21.9539385, 64.1405511 ], [ -21.954008, 64.1404391 ], [ -21.9539586, 64.1404423 ], [ -21.9537212, 64.1403615 ], [ -21.9537787, 64.1402689 ], [ -21.9540766, 64.1402498 ], [ -21.9541222, 64.1402627 ], [ -21.9541187, 64.1402446 ], [ -21.9541048, 64.140172 ], [ -21.9542827, 64.1401275 ], [ -21.9544816, 64.1401948 ], [ -21.9545916, 64.1401369 ], [ -21.954782, 64.1401609 ], [ -21.9548021, 64.140251 ], [ -21.9546698, 64.1403175 ], [ -21.9546988, 64.1403209 ], [ -21.954648, 64.1404027 ], [ -21.9547072, 64.1403959 ], [ -21.9547485, 64.1404124 ], [ -21.9548088, 64.140406 ], [ -21.9548733, 64.140429 ], [ -21.955072, 64.1402165 ], [ -21.9550013, 64.1402082 ], [ -21.9550467, 64.140135 ], [ -21.9556966, 64.1402118 ] ] ] } },
{ "type": "Feature", "properties": { "osm_id": 1236564878, "osm_class": "leisure", "osm_value": "playground", "name": "" }, "geometry": { "type": "Polygon", "coordinates": [ [ [ -21.9540986, 64.1356729 ], [ -21.9541914, 64.1355869 ], [ -21.9539979, 64.1355472 ], [ -21.9539234, 64.1355758 ], [ -21.9538695, 64.1356258 ], [ -21.9540986, 64.1356729 ] ] ] } },
{ "type": "Feature", "properties": { "osm_id": 1242492411, "osm_class": "building", "osm_value": "kindergarten", "name": "" }, "geometry": { "type": "Polygon", "coordinates": [ [ [ -21.9474259, 64.1349212 ], [ -21.9474746, 64.1349412 ], [ -21.9474393, 64.1349575 ], [ -21.9475671, 64.1350101 ], [ -21.9476482, 64.1349727 ], [ -21.9476157, 64.1349593 ], [ -21.9476548, 64.1349412 ], [ -21.9476873, 64.1349546 ], [ -21.9477785, 64.1349125 ], [ -21.9476515, 64.1348602 ], [ -21.9475999, 64.134884 ], [ -21.94755, 64.1348635 ], [ -21.9476017, 64.1348396 ], [ -21.9474747, 64.1347873 ], [ -21.9474237, 64.1348109 ], [ -21.9473259, 64.1347706 ], [ -21.9473769, 64.1347471 ], [ -21.9472499, 64.1346948 ], [ -21.9471995, 64.1347181 ], [ -21.9471308, 64.1346898 ], [ -21.9471812, 64.1346665 ], [ -21.9470539, 64.1346141 ], [ -21.94696, 64.1346575 ], [ -21.9469954, 64.134672 ], [ -21.9469577, 64.1346895 ], [ -21.9469223, 64.1346749 ], [ -21.9468426, 64.1347118 ], [ -21.94697, 64.1347642 ], [ -21.9470065, 64.1347474 ], [ -21.9470745, 64.1347754 ], [ -21.947038, 64.1347922 ], [ -21.9471658, 64.1348449 ], [ -21.9472017, 64.1348283 ], [ -21.9472987, 64.1348682 ], [ -21.9472628, 64.1348848 ], [ -21.9473906, 64.1349375 ], [ -21.9474259, 64.1349212 ] ] ] } },
{ "type": "Feature", "properties": { "osm_id": 1282013340, "osm_class": "building", "osm_value": "yes", "name": "" }, "geometry": { "type": "Polygon", "coordinates": [ [ [ -21.9527331, 64.1354654 ], [ -21.9528642, 64.1355289 ], [ -21.95282, 64.1355694 ], [ -21.9528386, 64.1355733 ], [ -21.952492, 64.1358822 ], [ -21.9524678, 64.1358764 ], [ -21.9524252, 64.1359106 ], [ -21.9522505, 64.1358999 ], [ -21.9523422, 64.1358192 ], [ -21.9524517, 64.135718 ], [ -21.9527331, 64.1354654 ] ] ] } },
{ "type": "Feature", "properties": { "osm_id": 1290635818, "osm_class": "building", "osm_value": "service", "name": "" }, "geometry": { "type": "Polygon", "coordinates": [ [ [ -21.95409, 64.139148 ], [ -21.9539951, 64.1391248 ], [ -21.9539637, 64.1391492 ], [ -21.9540586, 64.1391724 ], [ -21.95409, 64.139148 ] ] ] } },
{ "type": "Feature", "properties": { "osm_id": 1290724186, "osm_class": "building", "osm_value": "service", "name": "" }, "geometry": { "type": "Polygon", "coordinates": [ [ [ -21.9501071, 64.1343895 ], [ -21.9501191, 64.1343605 ], [ -21.9500205, 64.1343527 ], [ -21.9500085, 64.1343818 ], [ -21.9501071, 64.1343895 ] ] ] } },
{ "type": "Feature", "properties": { "osm_id": 1290724187, "osm_class": "building", "osm_value": "service", "name": "" }, "geometry": { "type": "Polygon", "coordinates": [ [ [ -21.9464489, 64.1338312 ], [ -21.9464975, 64.1338017 ], [ -21.9464083, 64.1337737 ], [ -21.9463597, 64.1338033 ], [ -21.9464489, 64.1338312 ] ] ] } },
{ "type": "Feature", "properties": { "osm_id": 1290724188, "osm_class": "building", "osm_value": "service", "name": "" }, "geometry": { "type": "Polygon", "coordinates": [ [ [ -21.9489725, 64.135283 ], [ -21.9490085, 64.1352666 ], [ -21.948966, 64.1352488 ], [ -21.9489299, 64.1352651 ], [ -21.9489725, 64.135283 ] ] ] } },
{ "type": "Feature", "properties": { "osm_id": 1455541823, "osm_class": "building", "osm_value": "garage", "name": "" }, "geometry": { "type": "Polygon", "coordinates": [ [ [ -21.9511519, 64.1334476 ], [ -21.9510648, 64.1334316 ], [ -21.9510265, 64.1334712 ], [ -21.9512331, 64.1335101 ], [ -21.9512725, 64.1334703 ], [ -21.9511519, 64.1334476 ] ] ] } },
{ "type": "Feature", "properties": { "osm_id": 1469192241, "osm_class": "landuse", "osm_value": "construction", "name": "" }, "geometry": { "type": "Polygon", "coordinates": [ [ [ -21.9517738, 64.1349689 ], [ -21.9518976, 64.1349154 ], [ -21.9518559, 64.1348971 ], [ -21.9516673, 64.134814 ], [ -21.9510512, 64.1350803 ], [ -21.9512814, 64.1351817 ], [ -21.9517738, 64.1349689 ] ] ] } },
{ "type": "Feature", "properties": { "osm_id": 1469192244, "osm_class": "building", "osm_value": "construction", "name": "" }, "geometry": { "type": "Polygon", "coordinates": [ [ [ -21.9517377, 64.134935 ], [ -21.9516344, 64.13489 ], [ -21.951446, 64.1349722 ], [ -21.9514098, 64.1349564 ], [ -21.9512174, 64.1350403 ], [ -21.9513226, 64.1350863 ], [ -21.9513729, 64.1350643 ], [ -21.9514071, 64.1350793 ], [ -21.9517377, 64.134935 ] ] ] } },
{ "type": "Feature", "properties": { "osm_id": 1473461697, "osm_class": "building", "osm_value": "yes", "name": "" }, "geometry": { "type": "Polygon", "coordinates": [ [ [ -21.9487352, 64.1354644 ], [ -21.9484438, 64.1353697 ], [ -21.9485243, 64.1353226 ], [ -21.9484829, 64.1353092 ], [ -21.9484096, 64.135352 ], [ -21.9482114, 64.1352875 ], [ -21.9481271, 64.1353369 ], [ -21.948658, 64.1355096 ], [ -21.9487352, 64.1354644 ] ] ] } },
{ "type": "Feature", "properties": { "osm_id": 1473461698, "osm_class": "building", "osm_value": "yes", "name": "" }, "geometry": { "type": "Polygon", "coordinates": [ [ [ -21.9469103, 64.1351208 ], [ -21.9468416, 64.1351706 ], [ -21.9470305, 64.1352203 ], [ -21.9471609, 64.1351258 ], [ -21.9470468, 64.1350958 ], [ -21.9469851, 64.1351405 ], [ -21.9469103, 64.1351208 ] ] ] } },
{ "type": "Feature", "properties": { "osm_id": 1483752193, "osm_class": "building", "osm_value": "yes", "name": "" }, "geometry": { "type": "Polygon", "coordinates": [ [ [ -21.942491, 64.1320662 ], [ -21.9424546, 64.1319311 ], [ -21.9409944, 64.1320059 ], [ -21.9410308, 64.132141 ], [ -21.942491, 64.1320662 ] ] ] } },
{ "type": "Feature", "properties": { "osm_id": 1483752194, "osm_class": "building", "osm_value": "garage", "name": "" }, "geometry": { "type": "Polygon", "coordinates": [ [ [ -21.953626, 64.13405 ], [ -21.9537749, 64.1340488 ], [ -21.953773, 64.1340063 ], [ -21.9536242, 64.1340075 ], [ -21.953626, 64.13405 ] ] ] } },
{ "type": "Feature", "properties": { "osm_id": 1514659366, "osm_class": "building", "osm_value": "public", "name": "Gróðurhús" }, "geometry": { "type": "Polygon", "coordinates": [ [ [ -21.9461641, 64.1381407 ], [ -21.946089, 64.1381799 ], [ -21.9459824, 64.1381416 ], [ -21.9460588, 64.1381009 ], [ -21.9461641, 64.1381407 ] ] ] } }
]
}
